Median Price of Reduction,Zip Code,Year,Month
3.5727045373348,78701,2010,9
2.8643697019415,78701,2010,10
2.5210084033613,78701,2010,11
4.2994460736396,78701,2010,12
3.3865138372573,78701,2011,1
2.4823312833557,78701,2011,2
4.5495905368517,78701,2011,3
2.4064808168854,78701,2011,4
4.7993988350719,78701,2011,5
3.584229390681,78701,2011,6
1.6680460824592,78701,2011,7
2.4702380952381,78701,2011,8
3.1772575250836,78701,2011,9
2.5706940874036,78701,2011,10
4.6242774566474,78701,2011,11
2.9234018408776,78701,2011,12
2.9420417769932,78701,2012,1
4.2645778938207,78701,2012,2
1.3957971852709,78701,2012,3
1.8036072144289,78701,2012,4
2.962962962963,78701,2012,5
1.691671074118,78701,2012,6
2.0237058538945,78701,2012,7
1.7247326664367,78701,2012,8
2.6696329254727,78701,2012,9
4.0080160320641,78701,2012,10
2.7107895677027,78701,2012,11
2.7889908256881,78701,2012,12
2.2146858743497,78701,2013,1
7.6715441389757,78701,2013,2
11.309574138956,78701,2013,3
3.8476337052713,78701,2013,4
2.8908488823792,78701,2013,5
2.9428278551302,78701,2013,6
2.1052631578947,78701,2013,7
3.0315538433315,78701,2013,8
2.0399836801306,78701,2013,9
1.6613256872997,78701,2013,10
2.7785495971103,78701,2013,11
2.4428567193383,78701,2013,12
1.9738596959189,78701,2014,1
2.251828631139,78701,2014,2
5.0,78701,2014,3
2.1281123643328,78701,2014,4
2.3587669748775,78701,2014,5
1.6129292407942,78701,2014,6
1.7400290004834,78701,2014,7
2.0787240517443,78701,2014,8
2.2271714922049,78701,2014,9
1.0036239678311,78701,2014,10
1.4642300335921,78701,2014,11
3.506707460579,78701,2014,12
2.2432670218486,78701,2015,1
2.3533097449506,78701,2015,2
3.4236812863966,78701,2015,3
3.0479916774316,78701,2015,4
2.0639834881321,78701,2015,5
2.6984528263727,78701,2015,6
1.8203592814371,78701,2015,7
2.1991109010082,78701,2015,8
3.3663400176752,78701,2015,9
3.125,78701,2015,10
2.3529411764706,78701,2015,11
3.3333333333333,78701,2015,12
2.195652173913,78701,2016,1
2.3700727220938,78701,2016,2
3.6608863198459,78701,2016,3
2.3872874013065,78701,2016,4
2.1967963386728,78701,2016,5
2.7785495971103,78701,2016,6
2.9050279329609,78701,2016,7
2.8473546678502,78701,2016,8
3.5754972263564,78701,2016,9
2.2779043280182,78701,2016,10
2.0945153047236,78701,2016,11
1.8181818181818,78701,2016,12
2.0911400519427,78701,2017,1
2.1285653469562,78701,2017,2
1.6027750668506,78701,2017,3
2.710027100271,78701,2017,4
2.1195891415994,78701,2017,5
2.8455284552845,78701,2017,6
2.1874373667923,78701,2017,7
2.4449877750611,78701,2017,8
5.6625141562854,78702,2010,9
4.9518261710876,78702,2010,10
5.0,78702,2010,11
2.8571208178164,78702,2010,12
4.5454545454545,78702,2011,1
4.8677248677249,78702,2011,2
5.3493518911354,78702,2011,3
4.3478260869565,78702,2011,4
4.6148526633196,78702,2011,5
5.2631578947368,78702,2011,6
4.8542654058163,78702,2011,7
4.3668122270742,78702,2011,8
4.9046321525886,78702,2011,9
3.2608808883889,78702,2011,10
3.3444816053512,78702,2011,11
11.089494163424,78702,2011,12
2.8579594169763,78702,2012,1
4.3497172683775,78702,2012,2
1.7467248908297,78702,2012,3
3.7383177570094,78702,2012,4
2.710027100271,78702,2012,5
1.6949152542373,78702,2012,6
2.9999178273553,78702,2012,7
2.8892954236204,78702,2012,8
2.8089887640449,78702,2012,9
3.0321406913281,78702,2012,10
3.9278248686677,78702,2012,11
2.7706516162134,78702,2012,12
2.9649313692668,78702,2013,1
2.1164021164021,78702,2013,2
3.338898163606,78702,2013,3
3.6653233544425,78702,2013,4
4.6137122054808,78702,2013,5
4.4950469867811,78702,2013,6
3.5999516460491,78702,2013,7
3.6490250696379,78702,2013,8
4.4130626654898,78702,2013,9
3.4066251989006,78702,2013,10
4.4552157158116,78702,2013,11
6.9767441860465,78702,2013,12
5.5865921787709,78702,2014,1
3.8535645472062,78702,2014,2
3.0778701138812,78702,2014,3
2.7276810071894,78702,2014,4
5.2331805550463,78702,2014,5
3.3317372875778,78702,2014,6
3.8348444008821,78702,2014,7
5.0713281093028,78702,2014,8
3.66391184573,78702,2014,9
4.9773755656109,78702,2014,10
5.768500367557,78702,2014,11
4.7619047619048,78702,2014,12
7.4074074074074,78702,2015,1
5.6294041450777,78702,2015,2
3.3333888898148,78702,2015,3
3.7749287749288,78702,2015,4
2.8033594405936,78702,2015,5
3.247311827957,78702,2015,6
3.8071065989848,78702,2015,7
2.8603834959767,78702,2015,8
3.1259768677712,78702,2015,9
2.7880052364588,78702,2015,10
3.4487515519382,78702,2015,11
3.343653250774,78702,2015,12
2.2227161591465,78702,2016,1
4.5454545454545,78702,2016,2
4.5005291560971,78702,2016,3
3.2951289398281,78702,2016,4
4.3987421587188,78702,2016,5
2.7855153203343,78702,2016,6
3.0909438254934,78702,2016,7
2.6350506874045,78702,2016,8
2.4394210440722,78702,2016,9
2.4449877750611,78702,2016,10
2.6565847511027,78702,2016,11
2.7777777777778,78702,2016,12
2.8571673471487,78702,2017,1
2.5810813961622,78702,2017,2
2.4456853287872,78702,2017,3
1.7494048955684,78702,2017,4
2.0356752080206,78702,2017,5
2.8571428571429,78702,2017,6
2.7391299221755,78702,2017,7
2.1052631578947,78702,2017,8
2.2444444444444,78702,2017,9
2.1060568141139,78702,2017,10
2.158273381295,78702,2017,11
2.9352806414662,78702,2017,12
3.4216083723814,78702,2018,1
2.7777777777778,78702,2018,2
4.5276381909548,78702,2018,3
2.3474178403756,78702,2018,4
3.2042723631509,78703,2010,9
3.4023982474346,78703,2010,10
3.3898305084746,78703,2010,11
2.3364485981308,78703,2010,12
3.7174721189591,78703,2011,1
3.8076152304609,78703,2011,2
3.5040781355204,78703,2011,3
3.6363636363636,78703,2011,4
2.8571428571429,78703,2011,5
3.0769230769231,78703,2011,6
2.702775750696,78703,2011,7
3.2042723631509,78703,2011,8
2.9042029534267,78703,2011,9
3.8772213247173,78703,2011,10
3.6363636363636,78703,2011,11
4.0006401024164,78703,2011,12
3.4229828850856,78703,2012,1
3.1605702709934,78703,2012,2
4.1017964071856,78703,2012,3
3.6181604099963,78703,2012,4
2.8628901170351,78703,2012,5
3.5857142857143,78703,2012,6
3.7696376411147,78703,2012,7
2.7046783625731,78703,2012,8
2.7264008768325,78703,2012,9
2.3200449225098,78703,2012,10
2.7278711448133,78703,2012,11
1.9327731092437,78703,2012,12
2.9600244125725,78703,2013,1
4.3889200823507,78703,2013,2
3.855421686747,78703,2013,3
2.972972972973,78703,2013,4
4.1710996622871,78703,2013,5
4.1039284334962,78703,2013,6
2.6710985024911,78703,2013,7
3.8916333193805,78703,2013,8
2.5,78703,2013,9
3.8610038610039,78703,2013,10
3.0769230769231,78703,2013,11
4.7732696897375,78703,2013,12
3.3109419316316,78703,2014,1
5.0978143287239,78703,2014,2
3.4552621135582,78703,2014,3
4.0384615384615,78703,2014,4
3.7802548992871,78703,2014,5
4.2581147942077,78703,2014,6
5.5056002524057,78703,2014,7
3.9545584103587,78703,2014,8
3.030303030303,78703,2014,9
3.0501438265231,78703,2014,10
2.3002653022148,78703,2014,11
3.3787012987013,78703,2014,12
3.3348542458809,78703,2015,1
2.0125140262648,78703,2015,2
2.5471085120208,78703,2015,3
2.1245828698554,78703,2015,4
5.2997998378433,78703,2015,5
4.5929018789144,78703,2015,6
3.6764705882353,78703,2015,7
5.0279329608938,78703,2015,8
3.5087719298246,78703,2015,9
3.030303030303,78703,2015,10
3.112283345893,78703,2015,11
4.8089734728922,78703,2015,12
3.758735394596,78703,2016,1
3.5109277626613,78703,2016,2
3.0769230769231,78703,2016,3
3.7579516358932,78703,2016,4
4.1129695640252,78703,2016,5
4.0064102564103,78703,2016,6
3.0420168067227,78703,2016,7
4.469267868151,78703,2016,8
2.7039070158241,78703,2016,9
2.4992214263469,78703,2016,10
2.345665961945,78703,2016,11
3.1746031746032,78703,2016,12
3.5714285714286,78703,2017,1
2.7690417690418,78703,2017,2
3.2882882882883,78703,2017,3
4.2689655172414,78703,2017,4
3.6802000786826,78703,2017,5
3.5398230088496,78703,2017,6
2.6595744680851,78703,2017,7
2.3404255319149,78703,2017,8
3.1515151515152,78703,2017,9
3.3465981727284,78703,2017,10
3.0956848030019,78703,2017,11
3.7268518518518,78703,2017,12
3.173311635476,78703,2018,1
2.4037907593041,78703,2018,2
3.0289364471363,78703,2018,3
3.6484047353612,78703,2018,4
3.2550782550783,78704,2010,9
3.6942554799698,78704,2010,10
3.8653846153846,78704,2010,11
3.5434150394682,78704,2010,12
3.2903637800219,78704,2011,1
3.0907487097513,78704,2011,2
2.710027100271,78704,2011,3
2.7475692812873,78704,2011,4
2.7797081306463,78704,2011,5
2.6788033368389,78704,2011,6
3.3338890741358,78704,2011,7
3.3412887828162,78704,2011,8
2.6384638922889,78704,2011,9
3.1327561327561,78704,2011,10
3.2142857142857,78704,2011,11
3.5972661870504,78704,2011,12
2.9496402877698,78704,2012,1
2.849399266875,78704,2012,2
3.0769230769231,78704,2012,3
2.4009603841537,78704,2012,4
2.2779043280182,78704,2012,5
3.2866379310345,78704,2012,6
3.7203215554309,78704,2012,7
2.8455284552845,78704,2012,8
2.9166666666667,78704,2012,9
2.2663617171006,78704,2012,10
2.7785495971103,78704,2012,11
3.030303030303,78704,2012,12
2.2266666666667,78704,2013,1
4.2899153194765,78704,2013,2
3.3000305646825,78704,2013,3
3.4494653328734,78704,2013,4
2.746863066012,78704,2013,5
2.9131067961165,78704,2013,6
2.6242341729067,78704,2013,7
2.3142857142857,78704,2013,8
2.6086956521739,78704,2013,9
2.307064831891,78704,2013,10
3.247311827957,78704,2013,11
3.1298904538341,78704,2013,12
2.4146264963334,78704,2014,1
2.7777932099623,78704,2014,2
2.2954545454545,78704,2014,3
3.2786885245902,78704,2014,4
3.8196605178353,78704,2014,5
2.7363636363636,78704,2014,6
3.2275426230077,78704,2014,7
3.917774563956,78704,2014,8
2.6865180346133,78704,2014,9
2.7131948411147,78704,2014,10
2.6966292134831,78704,2014,11
3.0241220493416,78704,2014,12
2.5450031036623,78704,2015,1
2.4878048780488,78704,2015,2
2.0639834881321,78704,2015,3
2.6616090781589,78704,2015,4
2.7252502780868,78704,2015,5
2.658546928006,78704,2015,6
2.9742954840231,78704,2015,7
2.6822254086423,78704,2015,8
2.6912967359762,78704,2015,9
3.1067961165048,78704,2015,10
2.5031289111389,78704,2015,11
1.6420361247947,78704,2015,12
2.406015037594,78704,2016,1
1.8804728062746,78704,2016,2
2.8186534790908,78704,2016,3
2.2222222222222,78704,2016,4
2.2314612279325,78704,2016,5
2.5388289378522,78704,2016,6
2.2865906793545,78704,2016,7
2.5917550878414,78704,2016,8
3.0312215822977,78704,2016,9
2.6260869565217,78704,2016,10
2.2377622377622,78704,2016,11
2.8889917022022,78704,2016,12
2.8509060524159,78704,2017,1
1.8552875695733,78704,2017,2
2.2105520273571,78704,2017,3
2.3850133606231,78704,2017,4
2.5,78704,2017,5
1.8605769230769,78704,2017,6
1.9090136054422,78704,2017,7
1.849710982659,78704,2017,8
2.2227161591465,78704,2017,9
2.1445221445221,78704,2017,10
2.4015990330397,78704,2017,11
2.1690802601235,78704,2017,12
2.1210204511912,78704,2018,1
2.0965570301981,78704,2018,2
2.4531328320802,78704,2018,3
2.7401013837512,78704,2018,4
2.9338842975207,78717,2010,9
2.1190239522878,78717,2010,10
3.3317535150956,78717,2010,11
2.6284408815035,78717,2010,12
2.6956151553853,78717,2011,1
2.0255819120053,78717,2011,2
2.3947661143961,78717,2011,3
2.1748586341888,78717,2011,4
2.0680272108843,78717,2011,5
2.4395284057783,78717,2011,6
2.2988505747126,78717,2011,7
2.9110139289899,78717,2011,8
2.036110239048,78717,2011,9
2.5006251562891,78717,2011,10
1.9138755980861,78717,2011,11
2.4390243902439,78717,2011,12
1.2505210504377,78717,2012,1
1.4975845410628,78717,2012,2
1.7112129617049,78717,2012,3
1.5830115830116,78717,2012,4
1.8036072144289,78717,2012,5
2.2262050189183,78717,2012,6
2.2222222222222,78717,2012,7
2.2897626056957,78717,2012,8
1.673640167364,78717,2012,9
1.9958930429469,78717,2012,10
2.0338983050848,78717,2012,11
1.8382352941177,78717,2012,12
2.4390712925727,78717,2013,1
1.6444580802145,78717,2013,2
1.5784293601545,78717,2013,3
1.3986013986014,78717,2013,4
1.8328056562719,78717,2013,5
2.1994259593919,78717,2013,6
2.1812669559121,78717,2013,7
1.6949152542373,78717,2013,8
1.9807923169268,78717,2013,9
1.8159433671899,78717,2013,10
2.1071586520159,78717,2013,11
2.440214738897,78717,2013,12
0.0016151827175403,78717,2014,1
1.9234468166955,78717,2014,2
2.0665456523129,78717,2014,3
1.9792585691392,78717,2014,4
1.8214936247723,78717,2014,5
1.8652134457485,78717,2014,6
2.1645235740191,78717,2014,7
2.1556503198294,78717,2014,8
1.8766227867249,78717,2014,9
1.2968095908224,78717,2014,10
3.5877976343401,78717,2014,11
2.4263613153984,78717,2014,12
1.8691588785047,78717,2015,1
1.1153305459864,78717,2015,2
1.7910447761194,78717,2015,3
2.7053328143246,78717,2015,4
1.9421812637773,78717,2015,5
1.6708450704225,78717,2015,6
2.34375,78717,2015,7
2.2222222222222,78717,2015,8
2.0876826722338,78717,2015,9
2.3179233476243,78717,2015,10
2.0330769781173,78717,2015,11
2.2719967478752,78717,2015,12
1.41065830721,78717,2016,1
1.203007518797,78717,2016,2
1.5089163237311,78717,2016,3
1.6930097550184,78717,2016,4
1.7391304347826,78717,2016,5
1.7550017550018,78717,2016,6
1.7247326664367,78717,2016,7
1.750625223294,78717,2016,8
1.5673981191222,78717,2016,9
1.5505048109544,78717,2016,10
2.1036324553304,78717,2016,11
1.8862993398895,78717,2016,12
1.727115716753,78717,2017,1
2.7344109590404,78717,2017,2
2.7545559480919,78717,2017,3
1.8578460084055,78717,2017,4
1.5629884338856,78717,2017,5
2.0735081445249,78717,2017,6
2.6322716504343,78717,2017,7
1.861488390698,78717,2017,8
1.8096791893439,78717,2017,9
1.7951352820741,78717,2017,10
1.6314299097258,78717,2017,11
1.8867924528302,78717,2017,12
1.5223880597015,78717,2018,1
1.4084507042254,78717,2018,2
2.8194993412385,78717,2018,3
1.6200986146983,78717,2018,4
4.4124135902339,78723,2010,9
4.3927648578811,78723,2010,10
3.5875241589627,78723,2010,11
3.3392722925942,78723,2010,12
4.0322580645161,78723,2011,1
3.1633479972216,78723,2011,2
3.8491147036182,78723,2011,3
3.3014338112704,78723,2011,4
3.5375927778395,78723,2011,5
4.3478260869565,78723,2011,6
4.2553191489362,78723,2011,7
3.7822349570201,78723,2011,8
2.7850097599442,78723,2011,9
2.020202020202,78723,2011,10
3.5483870967742,78723,2011,11
2.5584771228207,78723,2011,12
4.0761630465219,78723,2012,1
4.0066777963272,78723,2012,2
1.933216168717,78723,2012,3
3.3851648351648,78723,2012,4
2.5700934579439,78723,2012,5
3.6761284318288,78723,2012,6
4.3582647477259,78723,2012,7
3.2546942705826,78723,2012,8
2.2670451960774,78723,2012,9
2.5606469002695,78723,2012,10
3.1063933626159,78723,2012,11
2.2558986419847,78723,2012,12
2.6895526422489,78723,2013,1
4.263850780189,78723,2013,2
3.8461538461538,78723,2013,3
4.110715264456,78723,2013,4
5.6027416841629,78723,2013,5
3.0630630630631,78723,2013,6
3.8977127759955,78723,2013,7
4.9676025917926,78723,2013,8
3.6324328187536,78723,2013,9
3.5135135135135,78723,2013,10
3.0612244897959,78723,2013,11
4.0496873765272,78723,2013,12
5.1630434782609,78723,2014,1
4.1684035014589,78723,2014,2
6.5746322642874,78723,2014,3
3.0312215822977,78723,2014,4
3.4602076124567,78723,2014,5
3.1464351639087,78723,2014,6
3.6144578313253,78723,2014,7
3.0395136778115,78723,2014,8
3.484804908446,78723,2014,9
2.9498525073746,78723,2014,10
2.4478812629621,78723,2014,11
2.8205128205128,78723,2014,12
0.15475717160034,78723,2015,1
5.1290174213411,78723,2015,2
1.9537802618815,78723,2015,3
3.5087719298246,78723,2015,4
3.5681125097754,78723,2015,5
3.9879736782392,78723,2015,6
3.4107760751359,78723,2015,7
3.7043897017966,78723,2015,8
3.0769230769231,78723,2015,9
2.826549101097,78723,2015,10
2.562168270453,78723,2015,11
2.040802839148,78723,2015,12
2.2137079608344,78723,2016,1
1.6345564752656,78723,2016,2
1.792673421668,78723,2016,3
2.3529411764706,78723,2016,4
3.0341396292653,78723,2016,5
2.6058631921824,78723,2016,6
2.0044543429844,78723,2016,7
2.371177005478,78723,2016,8
2.7777777777778,78723,2016,9
2.2556390977444,78723,2016,10
2.3144917422657,78723,2016,11
1.6168813373527,78723,2016,12
2.1804360872174,78723,2017,1
2.8029844726759,78723,2017,2
2.3815194093832,78723,2017,3
2.7034333603677,78723,2017,4
2.4396194193706,78723,2017,5
2.2779043280182,78723,2017,6
3.6385542168675,78723,2017,7
2.2391776284454,78723,2017,8
2.3255813953488,78723,2017,9
1.9230769230769,78723,2017,10
2.3255813953488,78723,2017,11
1.728813559322,78723,2017,12
1.2048192771084,78723,2018,1
2.3038786818314,78723,2018,2
1.6358455454757,78723,2018,3
2.129076593791,78723,2018,4
4.0,78726,2010,9
4.7400202791799,78726,2010,10
2.0046263174511,78726,2010,11
2.0180801533773,78726,2010,12
3.1518624641834,78726,2011,1
1.8179220686453,78726,2011,2
2.0628466969239,78726,2011,3
3.875,78726,2011,4
2.5210084033613,78726,2011,5
3.2618671481231,78726,2011,6
2.5158227848101,78726,2011,7
4.0990214965247,78726,2011,8
3.3022014676451,78726,2011,9
1.4707776959231,78726,2011,10
1.6829143421579,78726,2011,11
4.1450777202073,78726,2011,12
2.5359208772883,78726,2012,1
2.736447256426,78726,2012,2
7.0157734656827,78726,2012,3
3.0956463751548,78726,2012,4
1.6689475616676,78726,2012,5
2.0057306590258,78726,2012,6
2.6737967914438,78726,2012,7
2.1052631578947,78726,2012,8
1.9825884363353,78726,2012,9
2.6342114038013,78726,2012,10
3.3948018793623,78726,2012,11
2.7292155452555,78726,2012,12
1.8179777802716,78726,2013,1
3.3104675340264,78726,2013,2
2.8889484978541,78726,2013,3
2.8452033747058,78726,2013,4
3.4066454436928,78726,2013,5
2.2186574048195,78726,2013,6
3.0826574916032,78726,2013,7
1.9988172405983,78726,2013,8
2.5906735751295,78726,2013,9
2.6666666666667,78726,2013,10
3.7037037037037,78726,2013,11
4.4883876721605,78726,2013,12
5.0768468577526,78726,2014,1
2.0384232237221,78726,2014,2
2.6316202974793,78726,2014,3
3.030670384289,78726,2014,4
3.2164748897731,78726,2014,5
3.0399817487024,78726,2014,6
2.6552373359718,78726,2014,7
2.9542322337407,78726,2014,8
3.6429872495446,78726,2014,9
2.3330979412244,78726,2014,10
2.4366876061791,78726,2014,11
2.8147114001139,78726,2014,12
6.015037593985,78726,2015,1
3.286864969108,78726,2015,2
3.6144578313253,78726,2015,3
2.6708437317475,78726,2015,4
3.8330245642926,78726,2015,5
2.1786492374728,78726,2015,6
2.2029103648388,78726,2015,7
1.5625,78726,2015,8
2.3248316377704,78726,2015,9
3.765690376569,78726,2015,10
1.9187081189823,78726,2015,11
2.3359288097887,78726,2015,12
2.6322716504343,78726,2016,1
2.5862845814184,78726,2016,2
2.7256814203551,78726,2016,3
1.8871485185884,78726,2016,4
2.3258958755916,78726,2016,5
2.3538878915009,78726,2016,6
2.0835594139989,78726,2016,7
2.8625919753569,78726,2016,8
1.219457261568,78726,2016,9
1.5492957746479,78726,2016,10
2.7298850574713,78726,2016,11
1.6835016835017,78726,2016,12
1.9607843137255,78726,2017,1
1.5456549392408,78726,2017,2
1.9350407204799,78726,2017,3
2.0290958114247,78726,2017,4
2.0749627263046,78726,2017,5
2.1281123643328,78726,2017,6
1.7949314882211,78726,2017,7
1.869322152341,78726,2017,8
1.8671009872919,78726,2017,9
2.6007852805552,78726,2017,10
2.1175943052519,78726,2017,11
1.2948220064725,78726,2017,12
1.857755632125,78726,2018,1
1.2631578947368,78726,2018,2
1.874963460366,78726,2018,3
1.9176312326686,78726,2018,4
3.3224176403615,78727,2010,9
2.8016009148085,78727,2010,10
2.7929419223048,78727,2010,11
2.3720044273984,78727,2010,12
2.8587764436821,78727,2011,1
2.72880085206,78727,2011,2
2.8587764436821,78727,2011,3
2.3791982785394,78727,2011,4
2.440214738897,78727,2011,5
2.5654181631606,78727,2011,6
2.014,78727,2011,7
2.8065409904114,78727,2011,8
2.3289285531298,78727,2011,9
2.7947936272465,78727,2011,10
2.0024028834601,78727,2011,11
2.6935456212323,78727,2011,12
2.8822055137845,78727,2012,1
3.3995472552349,78727,2012,2
3.4375,78727,2012,3
2.2049203907296,78727,2012,4
2.2276144557024,78727,2012,5
2.0947324543121,78727,2012,6
1.5682349015682,78727,2012,7
2.2025611309344,78727,2012,8
2.0979020979021,78727,2012,9
2.3270893690182,78727,2012,10
4.0842017507295,78727,2012,11
5.0407134548274,78727,2012,12
3.0624744793793,78727,2013,1
2.3866348448687,78727,2013,2
2.3763303533418,78727,2013,3
3.0037546933667,78727,2013,4
2.1129645123057,78727,2013,5
2.0008003201281,78727,2013,6
2.3658817255606,78727,2013,7
2.3266635644486,78727,2013,8
1.964383332583,78727,2013,9
1.5094844577561,78727,2013,10
1.6437768240343,78727,2013,11
1.9238168526356,78727,2013,12
1.4598540145985,78727,2014,1
2.6666666666667,78727,2014,2
1.2724879333041,78727,2014,3
2.0982517482517,78727,2014,4
0.71428826531523,78727,2014,5
5.3571428571429,78727,2014,6
2.3875593290178,78727,2014,7
3.7545062868197,78727,2014,8
2.2232103156959,78727,2014,9
2.5296835806955,78727,2014,10
3.421052631579,78727,2014,11
1.9904761904762,78727,2014,12
2.7585677234694,78727,2015,1
5.0,78727,2015,2
1.5793629902606,78727,2015,3
1.4508506105145,78727,2015,4
2.0416496529196,78727,2015,5
2.4432809773124,78727,2015,6
2.4932249322493,78727,2015,7
2.378730386627,78727,2015,8
3.3898305084746,78727,2015,9
2.8407588974599,78727,2015,10
3.3029197080292,78727,2015,11
1.6274017672123,78727,2015,12
2.8320238095238,78727,2016,1
1.779013143719,78727,2016,2
1.7863522686674,78727,2016,3
2.3073977174017,78727,2016,4
3.2268473701194,78727,2016,5
3.4408602150538,78727,2016,6
1.695489996609,78727,2016,7
2.2321428571429,78727,2016,8
2.4604604604605,78727,2016,9
2.5049530687945,78727,2016,10
3.0395136778115,78727,2016,11
3.0189155399315,78727,2016,12
7.1428571428571,78727,2017,1
4.010401040104,78727,2017,2
3.6895238346271,78727,2017,3
5.8412201224711,78727,2017,4
2.8794206357098,78727,2017,5
1.8875047187618,78727,2017,6
2.9273703654333,78727,2017,7
2.8055555555556,78727,2017,8
1.5289611993564,78727,2017,9
1.5151515151515,78727,2017,10
2.2873155282626,78727,2017,11
2.8449477313109,78727,2017,12
2.4390422368944,78727,2018,1
2.597149602986,78727,2018,2
2.3310023310023,78727,2018,3
2.3529411764706,78727,2018,4
3.7037037037037,78731,2010,9
3.7334319561924,78731,2010,10
2.9799914857386,78731,2010,11
3.2258584815884,78731,2010,12
3.5089912280702,78731,2011,1
3.0783445023404,78731,2011,2
3.5162632141375,78731,2011,3
2.39865969271,78731,2011,4
2.5316455696203,78731,2011,5
2.0968119206446,78731,2011,6
3.3204427256968,78731,2011,7
2.2096418476066,78731,2011,8
2.568458938322,78731,2011,9
2.8029569789379,78731,2011,10
3.6684593239808,78731,2011,11
2.1276595744681,78731,2011,12
2.5062656641604,78731,2012,1
2.8571428571429,78731,2012,2
3.0090497737557,78731,2012,3
3.1067961165048,78731,2012,4
3.0307622367025,78731,2012,5
3.3127572016461,78731,2012,6
3.1268246382727,78731,2012,7
4.0781974250966,78731,2012,8
3.2839201838835,78731,2012,9
2.4487804878049,78731,2012,10
3.1515151515152,78731,2012,11
4.1474023516151,78731,2012,12
3.6196911196911,78731,2013,1
3.2903225806452,78731,2013,2
3.9024153905211,78731,2013,3
2.6666666666667,78731,2013,4
4.0562678062678,78731,2013,5
3.8022813688213,78731,2013,6
3.8535645472062,78731,2013,7
3.1314152648834,78731,2013,8
3.340761381096,78731,2013,9
2.6104417670683,78731,2013,10
2.6702269692924,78731,2013,11
2.7547334740731,78731,2013,12
4.7779043280182,78731,2014,1
3.030303030303,78731,2014,2
1.5189873417722,78731,2014,3
2.8913628873438,78731,2014,4
5.1115577889447,78731,2014,5
4.0832666132906,78731,2014,6
3.0816640986132,78731,2014,7
3.713405238829,78731,2014,8
3.3163265306122,78731,2014,9
2.8629856850716,78731,2014,10
3.4620689655172,78731,2014,11
1.7375991593789,78731,2014,12
3.7383177570094,78731,2015,1
2.2272555681389,78731,2015,2
2.0041884047322,78731,2015,3
2.1643006809439,78731,2015,4
2.3809523809524,78731,2015,5
3.3939393939394,78731,2015,6
2.9126213592233,78731,2015,7
3.0769230769231,78731,2015,8
2.016210739615,78731,2015,9
2.2837914557411,78731,2015,10
2.3350617970871,78731,2015,11
1.3698630136986,78731,2015,12
3.6036036036036,78731,2016,1
2.4163568773234,78731,2016,2
2.7272727272727,78731,2016,3
2.9162617815888,78731,2016,4
3.030303030303,78731,2016,5
3.5369774919614,78731,2016,6
2.9411764705882,78731,2016,7
2.9482802697255,78731,2016,8
2.549073915959,78731,2016,9
2.0916461713185,78731,2016,10
2.9166666666667,78731,2016,11
0.82054970975459,78731,2016,12
2.0973295984753,78731,2017,1
2.0030816640986,78731,2017,2
2.6666666666667,78731,2017,3
3.041825095057,78731,2017,4
2.4552845528455,78731,2017,5
2.1739130434783,78731,2017,6
2.3776225194851,78731,2017,7
2.1743857360296,78731,2017,8
2.8193920127161,78731,2017,9
2.2779043280182,78731,2017,10
2.4424632205165,78731,2017,11
1.8036039552433,78731,2017,12
1.8367346938775,78731,2018,1
0.91005685267981,78731,2018,2
2.8478882719165,78731,2018,3
3.2203007518797,78731,2018,4
3.2256639659107,78732,2010,9
3.1515151515152,78732,2010,10
2.4202923135332,78732,2010,11
2.366028329361,78732,2010,12
3.1259768677712,78732,2011,1
1.5898251192369,78732,2011,2
1.869322152341,78732,2011,3
2.4693047989383,78732,2011,4
2.5643655759565,78732,2011,5
2.5348542458809,78732,2011,6
2.8056112224449,78732,2011,7
3.226500359971,78732,2011,8
2.9357798165138,78732,2011,9
2.3737089201878,78732,2011,10
2.7777777777778,78732,2011,11
1.6345276251981,78732,2011,12
2.9517777047106,78732,2012,1
2.329959990586,78732,2012,2
2.3529411764706,78732,2012,3
2.5543286578583,78732,2012,4
2.6227136869439,78732,2012,5
2.3635347946372,78732,2012,6
1.7857142857143,78732,2012,7
2.2533182426176,78732,2012,8
2.3406149421352,78732,2012,9
1.9368286028392,78732,2012,10
3.3890809133713,78732,2012,11
2.143902254135,78732,2012,12
1.9193857965451,78732,2013,1
2.7785495971103,78732,2013,2
3.0694668820679,78732,2013,3
1.5479876160991,78732,2013,4
2.5976886962802,78732,2013,5
2.2561229069047,78732,2013,6
2.6074498567335,78732,2013,7
2.1637426900585,78732,2013,8
2.778313717924,78732,2013,9
2.8121716614815,78732,2013,10
1.6949152542373,78732,2013,11
4.816794025594,78732,2013,12
2.8027530461705,78732,2014,1
3.7037037037037,78732,2014,2
2.4597867619869,78732,2014,3
2.5833370602418,78732,2014,4
2.177110914975,78732,2014,5
2.0964729150643,78732,2014,6
2.5535665381389,78732,2014,7
2.1786492374728,78732,2014,8
2.1935483870968,78732,2014,9
3.3744243339606,78732,2014,10
2.1399920961386,78732,2014,11
3.7737971724647,78732,2014,12
2.2389272653393,78732,2015,1
3.1289111389236,78732,2015,2
2.7984344422701,78732,2015,3
2.4417344173442,78732,2015,4
2.6034482758621,78732,2015,5
2.0142393655371,78732,2015,6
2.4096385542169,78732,2015,7
2.1980676328502,78732,2015,8
2.444621702662,78732,2015,9
2.4420024420024,78732,2015,10
2.7785495971103,78732,2015,11
2.2249388753056,78732,2015,12
2.5700365408039,78732,2016,1
1.8555347609566,78732,2016,2
2.5012506253127,78732,2016,3
1.9047619047619,78732,2016,4
2.4029441477847,78732,2016,5
1.9047619047619,78732,2016,6
2.1400150553823,78732,2016,7
1.7742093444343,78732,2016,8
1.8475750577367,78732,2016,9
2.5500667556742,78732,2016,10
2.2727272727273,78732,2016,11
2.0276497695853,78732,2016,12
1.8181818181818,78732,2017,1
2.0449897750511,78732,2017,2
2.0254332888935,78732,2017,3
1.8441077441077,78732,2017,4
2.200488997555,78732,2017,5
1.9825708061002,78732,2017,6
2.1580928481807,78732,2017,7
1.9358126398921,78732,2017,8
1.6572473404255,78732,2017,9
1.4285714285714,78732,2017,10
2.2120308797676,78732,2017,11
1.3822234788855,78732,2017,12
1.6863506932432,78732,2018,1
1.6664618051288,78732,2018,2
2.0210246989182,78732,2018,3
2.1015826278984,78732,2018,4
4.3614130434783,78734,2010,9
3.8936980664056,78734,2010,10
3.6697247706422,78734,2010,11
4.1593579015127,78734,2010,12
3.2154673283706,78734,2011,1
3.2362459546926,78734,2011,2
4.0,78734,2011,3
3.2282878411911,78734,2011,4
3.3957173780831,78734,2011,5
3.2401433691756,78734,2011,6
3.1742043551089,78734,2011,7
3.2115972010414,78734,2011,8
2.5462319780186,78734,2011,9
2.6016260162602,78734,2011,10
3.2432432432432,78734,2011,11
2.1075352393757,78734,2011,12
2.1164021164021,78734,2012,1
3.0100334448161,78734,2012,2
2.3034154090548,78734,2012,3
2.6731154833517,78734,2012,4
2.777780864201,78734,2012,5
2.9713176815059,78734,2012,6
2.6696329254727,78734,2012,7
3.030303030303,78734,2012,8
3.5101495331707,78734,2012,9
2.8616444649351,78734,2012,10
2.6933664692838,78734,2012,11
3.8476337052713,78734,2012,12
2.9273315681083,78734,2013,1
3.3625218914186,78734,2013,2
3.4643554980161,78734,2013,3
3.396770472895,78734,2013,4
2.2643757702605,78734,2013,5
3.1890660592255,78734,2013,6
3.0201342281879,78734,2013,7
2.6625471129648,78734,2013,8
2.8985507246377,78734,2013,9
3.387551794058,78734,2013,10
3.0041145356869,78734,2013,11
3.5292091262746,78734,2013,12
2.7355623100304,78734,2014,1
2.3076923076923,78734,2014,2
2.0034063360623,78734,2014,3
2.2224444444444,78734,2014,4
2.3494252873563,78734,2014,5
2.8848821081831,78734,2014,6
2.865329512894,78734,2014,7
2.9611844737895,78734,2014,8
3.1890660592255,78734,2014,9
2.780787455975,78734,2014,10
2.8571428571429,78734,2014,11
2.0334635232301,78734,2014,12
3.0263307876439,78734,2015,1
3.0588235294118,78734,2015,2
3.0505050505051,78734,2015,3
2.598515922678,78734,2015,4
2.7302909829132,78734,2015,5
2.9391197038256,78734,2015,6
2.6829268292683,78734,2015,7
2.9597882724358,78734,2015,8
2.8268551236749,78734,2015,9
3.1914893617021,78734,2015,10
2.3069031685368,78734,2015,11
2.2100369019189,78734,2015,12
2.4263487129306,78734,2016,1
2.5034975193457,78734,2016,2
2.6543129361275,78734,2016,3
2.8313492063492,78734,2016,4
2.692860071952,78734,2016,5
3.0098138546199,78734,2016,6
2.788881748072,78734,2016,7
2.5178772200325,78734,2016,8
2.3255813953488,78734,2016,9
3.3567662565905,78734,2016,10
2.2176851839204,78734,2016,11
2.0892613525629,78734,2016,12
3.0395136778115,78734,2017,1
2.2741487772477,78734,2017,2
1.9047619047619,78734,2017,3
2.4295950323595,78734,2017,4
2.6806526806527,78734,2017,5
2.3529411764706,78734,2017,6
2.6537785588752,78734,2017,7
2.0418580908627,78734,2017,8
2.0958905613561,78734,2017,9
2.9379291098359,78734,2017,10
2.3256354798949,78734,2017,11
2.0285060464382,78734,2017,12
2.5520245434286,78734,2018,1
2.6504179788851,78734,2018,2
1.840490797546,78734,2018,3
1.8254763200871,78734,2018,4
2.0833333333333,78737,2010,9
3.4098658786088,78737,2010,10
3.2981450761574,78737,2010,11
6.0001714334695,78737,2010,12
3.9231289926998,78737,2011,1
5.2439196002907,78737,2011,2
3.3444816053512,78737,2011,3
2.9416090601559,78737,2011,4
2.4600825676946,78737,2011,5
3.3333333333333,78737,2011,6
2.6632678849163,78737,2011,7
3.3666666666667,78737,2011,8
3.5087719298246,78737,2011,9
2.9072905929163,78737,2011,10
2.5696073605035,78737,2011,11
4.0925836847985,78737,2011,12
2.667377967458,78737,2012,1
3.1155845519729,78737,2012,2
2.5062656641604,78737,2012,3
2.280701754386,78737,2012,4
1.5473887814313,78737,2012,5
2.9947683109118,78737,2012,6
3.0236164771181,78737,2012,7
2.7027027027027,78737,2012,8
1.537330119135,78737,2012,9
2.0520547765664,78737,2012,10
1.5878056525881,78737,2012,11
1.7211703958692,78737,2012,12
0.9090909090909,78737,2013,1
2.8416779431664,78737,2013,2
3.3204685035406,78737,2013,3
2.1729036617737,78737,2013,4
2.2732439190725,78737,2013,5
1.2462006079027,78737,2013,6
2.4282940496965,78737,2013,7
1.8356905963717,78737,2013,8
1.9091521330206,78737,2013,9
3.3333333333333,78737,2013,10
2.0180403608072,78737,2013,11
1.5155342258146,78737,2013,12
1.8719528609458,78737,2014,1
2.6536558751981,78737,2014,2
3.7349397590362,78737,2014,3
2.66774648077,78737,2014,4
2.2642358393821,78737,2014,5
2.5,78737,2014,6
2.7535426507363,78737,2014,7
2.1929824561404,78737,2014,8
2.2990004345937,78737,2014,9
2.6737967914438,78737,2014,10
2.195652173913,78737,2014,11
1.7756068618692,78737,2014,12
2.6760791950665,78737,2015,1
2.7269804753773,78737,2015,2
2.5698898939362,78737,2015,3
2.922414059123,78737,2015,4
1.7138176875742,78737,2015,5
1.7337898798848,78737,2015,6
2.5035067571821,78737,2015,7
2.0747691711685,78737,2015,8
1.5829240649792,78737,2015,9
2.127516360301,78737,2015,10
1.7641397505253,78737,2015,11
0.89857238701256,78737,2015,12
1.7536852473593,78737,2016,1
1.7860332202179,78737,2016,2
2.0999640271777,78737,2016,3
2.4950064776878,78737,2016,4
2.1333333333333,78737,2016,5
1.7381866075689,78737,2016,6
1.6836209755365,78737,2016,7
1.9621591894579,78737,2016,8
1.7960650601299,78737,2016,9
2.218782249742,78737,2016,10
1.9083969465649,78737,2016,11
2.264296230176,78737,2016,12
0.78158423523046,78737,2017,1
1.5788993837489,78737,2017,2
1.8333333333333,78737,2017,3
1.9539488591797,78737,2017,4
1.8873165524927,78737,2017,5
1.8867924528302,78737,2017,6
1.8250612886813,78737,2017,7
2.4390243902439,78737,2017,8
1.0417165822529,78737,2017,9
1.7096939647803,78737,2017,10
1.5995109775355,78737,2017,11
1.5904572564612,78737,2017,12
2.2727272727273,78737,2018,1
1.6396272005523,78737,2018,2
1.948801454903,78737,2018,3
3.2527564440699,78737,2018,4
3.9905354839198,78738,2010,9
3.4324844013656,78738,2010,10
2.5761689291101,78738,2010,11
5.2029953851816,78738,2010,12
2.7964913552099,78738,2011,1
3.8461538461538,78738,2011,2
3.4827586206896,78738,2011,3
2.3248218028115,78738,2011,4
3.04,78738,2011,5
3.338898163606,78738,2011,6
3.0612244897959,78738,2011,7
2.9705882352941,78738,2011,8
3.0965391621129,78738,2011,9
3.4640710892166,78738,2011,10
2.0393397550698,78738,2011,11
2.8832694971885,78738,2011,12
2.6364857179387,78738,2012,1
2.1786492374728,78738,2012,2
2.4396194193706,78738,2012,3
2.6315789473684,78738,2012,4
2.574358974359,78738,2012,5
2.2222271605048,78738,2012,6
2.8180229355134,78738,2012,7
2.7697961861088,78738,2012,8
3.5740133679595,78738,2012,9
2.8169939857178,78738,2012,10
2.5348542458809,78738,2012,11
1.1878294671197,78738,2012,12
2.2932339371349,78738,2013,1
2.1658045028189,78738,2013,2
2.1653622021989,78738,2013,3
2.6385224274406,78738,2013,4
2.3464549665184,78738,2013,5
2.666670222227,78738,2013,6
2.1872010205166,78738,2013,7
1.9109059222796,78738,2013,8
2.0339360712849,78738,2013,9
2.1351575084625,78738,2013,10
1.5875535799333,78738,2013,11
2.8571428571429,78738,2013,12
1.7546938059309,78738,2014,1
1.0087194392204,78738,2014,2
1.8878610534265,78738,2014,3
1.7860332202179,78738,2014,4
2.9268292682927,78738,2014,5
2.088772845953,78738,2014,6
2.5661358252172,78738,2014,7
2.3488372093023,78738,2014,8
2.6666666666667,78738,2014,9
1.9162518237463,78738,2014,10
1.7560324253013,78738,2014,11
2.002002002002,78738,2014,12
1.6669444907485,78738,2015,1
2.5424159731521,78738,2015,2
2.0056922370357,78738,2015,3
2.1120862077435,78738,2015,4
2.3063615521654,78738,2015,5
2.528577603731,78738,2015,6
1.9417532849578,78738,2015,7
2.1281123643328,78738,2015,8
2.5647601949218,78738,2015,9
2.3437545776457,78738,2015,10
2.3262197533277,78738,2015,11
1.2062726176116,78738,2015,12
1.8236472945892,78738,2016,1
1.7967479391712,78738,2016,2
2.4390243902439,78738,2016,3
2.5214019325309,78738,2016,4
2.5003125390674,78738,2016,5
2.1898129899707,78738,2016,6
1.6722408026756,78738,2016,7
2.1571428571429,78738,2016,8
2.002002002002,78738,2016,9
1.9025048520969,78738,2016,10
2.1094993841392,78738,2016,11
2.0348837209302,78738,2016,12
1.8288269267091,78738,2017,1
2.0668767172698,78738,2017,2
2.1864211737629,78738,2017,3
2.2246941045606,78738,2017,4
2.1182053494392,78738,2017,5
1.9835997205118,78738,2017,6
1.9234468166955,78738,2017,7
1.8032786885246,78738,2017,8
1.8214936247723,78738,2017,9
1.8959552116752,78738,2017,10
1.9501276914594,78738,2017,11
1.3936335403727,78738,2017,12
2.094298245614,78738,2018,1
1.4528199488377,78738,2018,2
1.2690355329949,78738,2018,3
1.4306151645207,78738,2018,4
2.2266666666667,78739,2010,9
2.4274213222737,78739,2010,10
2.6187926678038,78739,2010,11
1.669019179765,78739,2010,12
2.4721377912867,78739,2011,1
2.1130198915009,78739,2011,2
1.6655733234628,78739,2011,3
1.9255174180155,78739,2011,4
2.1333333333333,78739,2011,5
2.5641025641026,78739,2011,6
1.8191790560002,78739,2011,7
2.1866924496792,78739,2011,8
1.744791767277,78739,2011,9
1.8461538461538,78739,2011,10
2.0598122802166,78739,2011,11
1.3157894736842,78739,2011,12
2.6708064864327,78739,2012,1
1.6564563570135,78739,2012,2
2.5775110964984,78739,2012,3
1.4492753623188,78739,2012,4
2.1194800162055,78739,2012,5
1.3246823465802,78739,2012,6
1.9178082191781,78739,2012,7
1.5151515151515,78739,2012,8
1.6764313613413,78739,2012,9
2.667377967458,78739,2012,10
1.5875535799333,78739,2012,11
1.3447173970803,78739,2012,12
1.73943294486,78739,2013,1
1.1888111888112,78739,2013,2
1.7754696830673,78739,2013,3
2.2550913184681,78739,2013,4
2.2029103648388,78739,2013,5
1.6247139588101,78739,2013,6
2.2271714922049,78739,2013,7
2.2988505747126,78739,2013,8
2.0747691711685,78739,2013,9
1.5885623510723,78739,2013,10
1.7829337580678,78739,2013,11
0.65224168946252,78739,2013,12
1.1494252873563,78739,2014,1
3.4314044742584,78739,2014,2
1.2389380530973,78739,2014,3
1.8374228764325,78739,2014,4
1.7966602169991,78739,2014,5
2.4977840405464,78739,2014,6
2.2420113459049,78739,2014,7
1.7857142857143,78739,2014,8
1.3333333333333,78739,2014,9
1.6949152542373,78739,2014,10
3.0612557270993,78739,2014,11
2.5871455323703,78739,2014,12
2.3764705882353,78739,2015,1
1.134583980955,78739,2015,2
1.2534818941504,78739,2015,3
1.3201074023216,78739,2015,4
1.2825088472254,78739,2015,5
1.5480943838189,78739,2015,6
2.1739130434783,78739,2015,7
2.2753128555176,78739,2015,8
2.107671123351,78739,2015,9
2.0044579144016,78739,2015,10
1.2631578947368,78739,2015,11
2.1321961620469,78739,2015,12
1.0918149756878,78739,2016,1
2.4122870448038,78739,2016,2
2.3610659909287,78739,2016,3
2.1762785636562,78739,2016,4
1.512534801268,78739,2016,5
2.2921441967077,78739,2016,6
2.5592885375494,78739,2016,7
2.1729780271155,78739,2016,8
1.6669444907485,78739,2016,9
3.0286802043552,78739,2016,10
1.788908765653,78739,2016,11
2.1336059986367,78739,2016,12
1.210955016347,78739,2017,1
2.1187296599708,78739,2017,2
1.7331856768459,78739,2017,3
2.1348046396059,78739,2017,4
1.6217928909386,78739,2017,5
2.111369795046,78739,2017,6
1.8273493000309,78739,2017,7
1.8416861132719,78739,2017,8
1.8214936247723,78739,2017,9
2.0164295776231,78739,2017,10
1.333688983729,78739,2017,11
1.2809479430169,78739,2017,12
1.5606622741918,78739,2018,1
1.4295925661186,78739,2018,2
2.1857923497268,78739,2018,3
2.3715785526809,78739,2018,4
3.0769230769231,78745,2010,9
2.3820867079562,78745,2010,10
2.5974025974026,78745,2010,11
4.5845272206304,78745,2010,12
3.1269543464665,78745,2011,1
3.8354641467482,78745,2011,2
3.0321406913281,78745,2011,3
2.4702562538133,78745,2011,4
2.3823704586063,78745,2011,5
3.3355570380254,78745,2011,6
2.7522860617782,78745,2011,7
2.77893572129,78745,2011,8
2.8678286293514,78745,2011,9
2.7874686288374,78745,2011,10
3.1093801864629,78745,2011,11
3.2817229993225,78745,2011,12
3.6144578313253,78745,2012,1
2.5479714496413,78745,2012,2
2.9787234042553,78745,2012,3
2.3809523809524,78745,2012,4
2.2727272727273,78745,2012,5
2.3476073115358,78745,2012,6
2.8424686652496,78745,2012,7
2.6153846153846,78745,2012,8
3.1665611146295,78745,2012,9
2.4726719921593,78745,2012,10
2.3344449737971,78745,2012,11
2.5806263565387,78745,2012,12
2.1429594613952,78745,2013,1
2.3650385604113,78745,2013,2
1.7948676682412,78745,2013,3
2.4089635854342,78745,2013,4
3.4398034398034,78745,2013,5
2.3543751362024,78745,2013,6
2.57227359111,78745,2013,7
2.9764585773053,78745,2013,8
3.7573352573352,78745,2013,9
3.0433364596774,78745,2013,10
3.4146341463415,78745,2013,11
2.5396825396825,78745,2013,12
2.5192976921636,78745,2014,1
2.9996837444655,78745,2014,2
3.4808946877912,78745,2014,3
3.3344448149383,78745,2014,4
3.1764716075169,78745,2014,5
1.8528178342725,78745,2014,6
2.1116135211091,78745,2014,7
2.5818181818182,78745,2014,8
3.8476337052713,78745,2014,9
3.1875901875902,78745,2014,10
3.2576066563341,78745,2014,11
1.980198019802,78745,2014,12
4.3817527010804,78745,2015,1
2.6845637583893,78745,2015,2
3.5727045373348,78745,2015,3
1.9677996422182,78745,2015,4
3.5598705501618,78745,2015,5
2.1818181818182,78745,2015,6
3.2209131075111,78745,2015,7
2.4512256128064,78745,2015,8
2.0816326530612,78745,2015,9
2.7626459143969,78745,2015,10
3.5087719298246,78745,2015,11
2.6465028355388,78745,2015,12
3.1026938329003,78745,2016,1
2.9810298102981,78745,2016,2
1.8545454545455,78745,2016,3
1.8518518518519,78745,2016,4
2.4027377521614,78745,2016,5
2.9345372460497,78745,2016,6
2.8276877761414,78745,2016,7
2.000400160064,78745,2016,8
2.4695217255392,78745,2016,9
2.2435897435897,78745,2016,10
2.625,78745,2016,11
1.6967232241075,78745,2016,12
1.8525379770285,78745,2017,1
1.9996007452755,78745,2017,2
1.4695340501792,78745,2017,3
1.7712045616536,78745,2017,4
1.9419306184012,78745,2017,5
1.8293161740648,78745,2017,6
2.5454545454545,78745,2017,7
1.8041584499627,78745,2017,8
2.5050880832965,78745,2017,9
2.0416496529196,78745,2017,10
2.358240165018,78745,2017,11
1.7804666231955,78745,2017,12
2.5046497689147,78745,2018,1
2.6362790697674,78745,2018,2
2.5864661654135,78745,2018,3
2.3764705882353,78745,2018,4
2.7676399026764,78746,2010,9
3.6363636363636,78746,2010,10
4.08,78746,2010,11
3.8663960146494,78746,2010,12
3.1067961165048,78746,2011,1
2.5644781742343,78746,2011,2
4.2918454935622,78746,2011,3
3.2626891715995,78746,2011,4
3.2704402515723,78746,2011,5
3.0886644219978,78746,2011,6
2.7382227607471,78746,2011,7
2.7704281985562,78746,2011,8
2.500001562501,78746,2011,9
3.8475767665557,78746,2011,10
2.8571428571429,78746,2011,11
5.7901991541875,78746,2011,12
4.9209621993127,78746,2012,1
4.3061472915399,78746,2012,2
3.203320717761,78746,2012,3
3.894472361809,78746,2012,4
3.8062283737024,78746,2012,5
3.2688458972648,78746,2012,6
2.9478162715985,78746,2012,7
3.187134502924,78746,2012,8
2.9680365296804,78746,2012,9
2.9176171369272,78746,2012,10
3.779830638953,78746,2012,11
6.3020464896931,78746,2012,12
3.3783783783784,78746,2013,1
3.2171232616788,78746,2013,2
5.8234758871702,78746,2013,3
2.6829268292683,78746,2013,4
3.6188178528347,78746,2013,5
3.8598069729303,78746,2013,6
2.9949060361966,78746,2013,7
3.448275862069,78746,2013,8
3.5862068965517,78746,2013,9
4.6627713049462,78746,2013,10
2.6315789473684,78746,2013,11
3.8781725888325,78746,2013,12
2.8904428904429,78746,2014,1
2.4855327805927,78746,2014,2
2.8570822065982,78746,2014,3
4.017184083815,78746,2014,4
3.3335555703714,78746,2014,5
5.7232704402516,78746,2014,6
3.5862068965517,78746,2014,7
3.040648525093,78746,2014,8
3.1515151515152,78746,2014,9
6.090238764045,78746,2014,10
5.6187626546682,78746,2014,11
4.1701417848207,78746,2014,12
3.3333333333333,78746,2015,1
2.5066147262306,78746,2015,2
2.8213166144201,78746,2015,3
3.7735849056604,78746,2015,4
3.915211585074,78746,2015,5
3.5746201966041,78746,2015,6
3.8493723849372,78746,2015,7
3.1339285714286,78746,2015,8
3.8752344043005,78746,2015,9
3.448275862069,78746,2015,10
3.5483870967742,78746,2015,11
2.9714285714286,78746,2015,12
4.1082939406962,78746,2016,1
3.716804029304,78746,2016,2
4.020629964446,78746,2016,3
3.9675986001337,78746,2016,4
3.7777777777778,78746,2016,5
3.783542039356,78746,2016,6
3.4985693243562,78746,2016,7
4.0685714285714,78746,2016,8
4.3798317417008,78746,2016,9
3.8513396254122,78746,2016,10
3.9098318899643,78746,2016,11
2.6190476190476,78746,2016,12
2.7140540540541,78746,2017,1
4.16,78746,2017,2
2.6794871794872,78746,2017,3
3.2806111469765,78746,2017,4
3.448275862069,78746,2017,5
3.0424242424243,78746,2017,6
3.2082653616096,78746,2017,7
2.9197469197469,78746,2017,8
3.2440056417489,78746,2017,9
4.348725822325,78746,2017,10
3.0644152595372,78746,2017,11
4.4949494949495,78746,2017,12
3.1848071717699,78746,2018,1
3.3582089552239,78746,2018,2
4.0644268582803,78746,2018,3
3.5714285714286,78746,2018,4
5.6774785701408,78747,2010,9
3.4248921158983,78747,2010,10
4.6233815780061,78747,2010,11
5.5794208643703,78747,2010,12
5.9088821214693,78747,2011,1
3.2792607594302,78747,2011,2
4.2385707326582,78747,2011,3
3.2835686824045,78747,2011,4
4.3991030816193,78747,2011,5
3.3064516129032,78747,2011,6
4.707289874231,78747,2011,7
3.76464901678,78747,2011,8
3.3494204595937,78747,2011,9
3.0166491323584,78747,2011,10
4.7619047619048,78747,2011,11
2.8857142857143,78747,2011,12
5.4652257805349,78747,2012,1
3.6363636363636,78747,2012,2
4.4410849266341,78747,2012,3
2.8252524934713,78747,2012,4
3.9949066213922,78747,2012,5
2.8888337230867,78747,2012,6
2.5982461838259,78747,2012,7
3.5308981888658,78747,2012,8
2.5062656641604,78747,2012,9
3.1692705129782,78747,2012,10
3.5216309673056,78747,2012,11
3.1909140075717,78747,2012,12
2.5706940874036,78747,2013,1
2.5010421008754,78747,2013,2
2.0858596565614,78747,2013,3
1.4406560272365,78747,2013,4
3.4334349870591,78747,2013,5
2.6160937577009,78747,2013,6
1.2204475109126,78747,2013,7
1.8598274581842,78747,2013,8
2.9231092440447,78747,2013,9
1.9607843137255,78747,2013,10
1.9768580446053,78747,2013,11
0.45307443365695,78747,2013,12
1.3944588064988,78747,2014,1
2.4970022909919,78747,2014,2
2.0816326530612,78747,2014,3
1.5371861968203,78747,2014,4
4.0,78747,2014,5
4.0,78747,2014,6
2.8133791809941,78747,2014,7
1.4782608695652,78747,2014,8
1.3466199838406,78747,2014,9
2.2556390977444,78747,2014,10
1.9182206682207,78747,2014,11
2.8368786789676,78747,2014,12
4.2493982479845,78747,2015,1
1.4678899082569,78747,2015,2
3.6951501154734,78747,2015,3
2.2290331568682,78747,2015,4
3.1077649038967,78747,2015,5
2.7792137407763,78747,2015,6
2.7277686852155,78747,2015,7
2.5641025641026,78747,2015,8
3.1989875025686,78747,2015,9
3.3433179723502,78747,2015,10
2.7285558690347,78747,2015,11
1.5189873417722,78747,2015,12
2.7172953721874,78747,2016,1
3.0470914127424,78747,2016,2
2.4448993404284,78747,2016,3
3.159759720902,78747,2016,4
3.0133877921488,78747,2016,5
2.635046113307,78747,2016,6
2.1865192206424,78747,2016,7
2.0010005002501,78747,2016,8
2.3282887077998,78747,2016,9
2.5374455543149,78747,2016,10
2.0842017507295,78747,2016,11
4.0619202376084,78747,2016,12
3.0842725697959,78747,2017,1
2.268427563123,78747,2017,2
2.0139905898483,78747,2017,3
3.1754032258065,78747,2017,4
1.7684887459807,78747,2017,5
1.8181884297761,78747,2017,6
2.0842017507295,78747,2017,7
2.2366181553711,78747,2017,8
2.9504687276949,78748,2010,9
2.3751759768318,78748,2010,10
2.3931115952495,78748,2010,11
2.8388928317956,78748,2010,12
2.8992510268181,78748,2011,1
2.5252525252525,78748,2011,2
2.5,78748,2011,3
2.2223209920441,78748,2011,4
2.4390243902439,78748,2011,5
2.3233072565417,78748,2011,6
2.3809523809524,78748,2011,7
2.9402036090999,78748,2011,8
2.2702137335152,78748,2011,9
2.4024024024024,78748,2011,10
2.5069693748621,78748,2011,11
3.6942494344962,78748,2011,12
3.0395136778115,78748,2012,1
3.0700149362266,78748,2012,2
2.7187998576725,78748,2012,3
1.8152618939122,78748,2012,4
2.4878048780488,78748,2012,5
2.5001250062503,78748,2012,6
2.2816150330117,78748,2012,7
2.3297491039427,78748,2012,8
2.6329647182728,78748,2012,9
2.6315789473684,78748,2012,10
3.7037037037037,78748,2012,11
3.5633301543473,78748,2012,12
1.7467248908297,78748,2013,1
1.8058213248981,78748,2013,2
2.3033649473821,78748,2013,3
2.7702118460873,78748,2013,4
2.0622642837046,78748,2013,5
1.5389350569406,78748,2013,6
2.1798365122616,78748,2013,7
2.1077283372365,78748,2013,8
2.2282855843565,78748,2013,9
2.3255813953488,78748,2013,10
3.2278889606198,78748,2013,11
1.8707020238411,78748,2013,12
2.7122732444771,78748,2014,1
1.9230769230769,78748,2014,2
2.3266635644486,78748,2014,3
3.3429120181936,78748,2014,4
2.100426914311,78748,2014,5
1.9663192454857,78748,2014,6
2.3823660772929,78748,2014,7
2.4803164279295,78748,2014,8
1.7577825676417,78748,2014,9
2.9779630732579,78748,2014,10
2.5259537210757,78748,2014,11
3.4602076124567,78748,2014,12
1.2340854398486,78748,2015,1
2.4390243902439,78748,2015,2
2.5726536445927,78748,2015,3
2.2232103156959,78748,2015,4
2.4586166336747,78748,2015,5
2.2737608003638,78748,2015,6
2.0,78748,2015,7
2.1834061135371,78748,2015,8
2.452559971357,78748,2015,9
2.1276595744681,78748,2015,10
2.0517379339082,78748,2015,11
1.209467723298,78748,2015,12
2.9420417769932,78748,2016,1
2.7855153203343,78748,2016,2
2.0,78748,2016,3
1.5814622918418,78748,2016,4
1.6949152542373,78748,2016,5
1.9607843137255,78748,2016,6
2.1244358478401,78748,2016,7
2.0837675420314,78748,2016,8
1.7384149927362,78748,2016,9
2.0,78748,2016,10
1.5732657678177,78748,2016,11
2.2491349480969,78748,2016,12
2.2727272727273,78748,2017,1
1.4925373134328,78748,2017,2
1.3932675362639,78748,2017,3
1.9615535504119,78748,2017,4
2.2222222222222,78748,2017,5
1.6781879194631,78748,2017,6
2.667377967458,78748,2017,7
1.8813399386648,78748,2017,8
1.9230769230769,78748,2017,9
1.7552450998509,78748,2017,10
1.8179232055223,78748,2017,11
2.011724401395,78748,2017,12
2.0040080160321,78748,2018,1
1.2809342458438,78748,2018,2
1.6985214569059,78748,2018,3
2.1538461538462,78748,2018,4
3.2362459546926,78750,2010,9
3.2903225806452,78750,2010,10
2.9142857142857,78750,2010,11
2.1134020618557,78750,2010,12
4.3288591687938,78750,2011,1
3.3000211437719,78750,2011,2
2.7669701191508,78750,2011,3
2.3529411764706,78750,2011,4
3.0625100646982,78750,2011,5
2.5647601949218,78750,2011,6
2.2211761780734,78750,2011,7
3.1062392795883,78750,2011,8
3.2786885245902,78750,2011,9
2.7029510819913,78750,2011,10
2.97832282284,78750,2011,11
3.6856650484417,78750,2011,12
2.5862068965517,78750,2012,1
1.6479913162447,78750,2012,2
1.9536426513817,78750,2012,3
2.4154618835983,78750,2012,4
2.2415749174064,78750,2012,5
2.635046113307,78750,2012,6
2.2732439190725,78750,2012,7
1.8702142247764,78750,2012,8
3.1595576619273,78750,2012,9
2.5062656641604,78750,2012,10
2.1927224367499,78750,2012,11
2.467162449295,78750,2012,12
2.0368770214725,78750,2013,1
2.6536585365854,78750,2013,2
1.8039687312087,78750,2013,3
2.1254252950813,78750,2013,4
2.5,78750,2013,5
2.3012552301255,78750,2013,6
2.8079777365492,78750,2013,7
2.6673612920031,78750,2013,8
2.6156700442415,78750,2013,9
2.7401168129844,78750,2013,10
2.6598434006041,78750,2013,11
2.0321361058601,78750,2013,12
2.3384912959381,78750,2014,1
4.4943820224719,78750,2014,2
2.4837472912152,78750,2014,3
3.0891229731329,78750,2014,4
2.0725388601036,78750,2014,5
2.3467467546774,78750,2014,6
2.7027027027027,78750,2014,7
2.1263157894737,78750,2014,8
2.4878048780488,78750,2014,9
2.8612303290415,78750,2014,10
2.3764705882353,78750,2014,11
2.8571428571429,78750,2014,12
2.0,78750,2015,1
2.5,78750,2015,2
1.7716816688098,78750,2015,3
2.3223715306542,78750,2015,4
2.5805161032206,78750,2015,5
2.1437321355655,78750,2015,6
2.4078414660132,78750,2015,7
2.3309208207964,78750,2015,8
2.7297297297297,78750,2015,9
1.9607843137255,78750,2015,10
2.0,78750,2015,11
1.890359168242,78750,2015,12
1.3940925091072,78750,2016,1
2.6065162907268,78750,2016,2
2.3365787621564,78750,2016,3
2.8408494710711,78750,2016,4
1.8103712795336,78750,2016,5
2.0449897750511,78750,2016,6
2.4918743228602,78750,2016,7
2.7710027100271,78750,2016,8
2.7604794264821,78750,2016,9
2.5398060101916,78750,2016,10
2.3283398497562,78750,2016,11
3.2839582706035,78750,2016,12
1.9812609798946,78750,2017,1
2.9976038424099,78750,2017,2
2.8077753779698,78750,2017,3
2.6249071911048,78750,2017,4
2.6409831778959,78750,2017,5
2.0318411500014,78750,2017,6
2.5589330024814,78750,2017,7
2.5234354504029,78750,2017,8
2.0562758619108,78750,2017,9
2.1571648690293,78750,2017,10
2.1739130434783,78750,2017,11
1.6071428571429,78750,2017,12
1.5992970123023,78750,2018,1
1.8380021828387,78750,2018,2
2.7785495971103,78750,2018,3
1.8347245409015,78750,2018,4
4.2016012810248,78753,2010,9
3.4691690180895,78753,2010,10
2.3094688221709,78753,2010,11
2.5395256916996,78753,2010,12
3.4812880765883,78753,2011,1
3.2258064516129,78753,2011,2
3.4934753492866,78753,2011,3
5.3264334063099,78753,2011,4
4.098234250906,78753,2011,5
3.9359573048699,78753,2011,6
4.020202020202,78753,2011,7
2.8144350709097,78753,2011,8
5.2705692191931,78753,2011,9
2.9807009235141,78753,2011,10
4.7846889952153,78753,2011,11
3.2311827956989,78753,2011,12
3.1907179115301,78753,2012,1
3.3594624860022,78753,2012,2
5.3662887901154,78753,2012,3
4.5454545454545,78753,2012,4
4.0804181967658,78753,2012,5
2.7311707680835,78753,2012,6
3.6789297658863,78753,2012,7
3.2380952380952,78753,2012,8
2.5047871296841,78753,2012,9
3.7037037037037,78753,2012,10
2.8839170668853,78753,2012,11
2.3553079723998,78753,2012,12
4.1666666666667,78753,2013,1
2.7522935779816,78753,2013,2
4.2429281319044,78753,2013,3
0.83333333333333,78753,2013,4
2.5488391890285,78753,2013,5
3.3333333333333,78753,2013,6
4.3668122270742,78753,2013,7
2.6329647182728,78753,2013,8
5.0632911392405,78753,2013,9
2.6218196210803,78753,2013,10
2.715004492363,78753,2013,11
2.8333333333333,78753,2013,12
8.1658181275328,78753,2014,1
0.6333122229259,78753,2014,2
1.4071299446213,78753,2014,3
2.2435897435897,78753,2014,4
3.2786885245902,78753,2014,5
3.3081560311254,78753,2014,6
3.0778701138812,78753,2014,7
2.7041644131963,78753,2014,8
1.8587567891092,78753,2014,9
3.448275862069,78753,2014,10
2.0833333333333,78753,2014,11
3.9427525156684,78753,2014,12
1.5676186140644,78753,2015,1
0.8887972440175,78753,2015,2
0.98169286063346,78753,2015,3
1.2539578043199,78753,2015,4
1.2903642052969,78753,2015,5
2.0204898158782,78753,2015,6
3.3484973807554,78753,2015,7
2.86,78753,2015,8
5.0226255656391,78753,2015,9
5.2631578947368,78753,2015,10
2.116935483871,78753,2015,11
0.31662269129288,78753,2015,12
1.334126984127,78753,2016,1
1.1976047904192,78753,2016,2
5.0102995503219,78753,2016,3
1.8518518518519,78753,2016,4
1.536312849162,78753,2016,5
3.1082721342683,78753,2016,6
3.6345448482828,78753,2016,7
2.3607203337599,78753,2016,8
2.0744477439126,78753,2016,9
2.3667299792342,78753,2016,10
2.4854424087488,78753,2016,11
4.1666666666667,78753,2016,12
1.3269819666553,78753,2017,1
1.8070765116195,78753,2017,2
1.8789144050104,78753,2017,3
2.1739224953152,78753,2017,4
1.6522918667274,78753,2017,5
2.0673486786019,78753,2017,6
2.6329647182728,78753,2017,7
2.0633597332222,78753,2017,8
2.5907424083239,78753,2017,9
2.2728305832083,78753,2017,10
1.4900758676566,78753,2017,11
2.1986075485526,78753,2017,12
2.5705710210227,78753,2018,1
2.4738675958188,78753,2018,2
2.1052631578947,78753,2018,3
2.2293178970699,78753,2018,4
4.5556529959113,78754,2010,9
3.5252825486369,78754,2010,10
4.7625396825397,78754,2010,11
6.5832095485037,78754,2010,12
3.0643513789581,78754,2011,1
3.329787576959,78754,2011,2
3.5450454244521,78754,2011,3
3.5025017869907,78754,2011,4
2.9142857142857,78754,2011,5
3.5714285714286,78754,2011,6
4.5475225411531,78754,2011,7
3.418066942118,78754,2011,8
4.0155728229123,78754,2011,9
3.8047199347349,78754,2011,10
3.2352941176471,78754,2011,11
4.0247678018576,78754,2011,12
6.7924528301887,78754,2012,1
1.791583309517,78754,2012,2
1.9865118561105,78754,2012,3
2.7777777777778,78754,2012,4
3.041825095057,78754,2012,5
2.504816955684,78754,2012,6
2.2104939402265,78754,2012,7
1.780233271946,78754,2012,8
2.4983087538899,78754,2012,9
3.1452925490384,78754,2012,10
4.9504950495049,78754,2012,11
2.4193941419332,78754,2012,12
3.1269543464665,78754,2013,1
1.2515004365585,78754,2013,2
2.552837197387,78754,2013,3
1.8343601224623,78754,2013,4
2.5307971014493,78754,2013,5
1.0816657652785,78754,2013,6
1.7352651059417,78754,2013,7
4.4493015627927,78754,2013,8
2.7793218454697,78754,2013,9
3.4985131319189,78754,2013,10
2.4456521739131,78754,2013,11
2.035260895006,78754,2013,12
1.6756756756757,78754,2014,1
4.0,78754,2014,2
1.5942825728422,78754,2014,3
0.5419437354014,78754,2014,4
2.092050209205,78754,2014,5
0.96698113207547,78754,2014,6
2.3786280625729,78754,2014,7
2.6912098939118,78754,2014,8
2.2554423824689,78754,2014,9
2.1997619040734,78754,2014,10
4.8754297957428,78754,2014,11
1.323155216285,78754,2014,12
3.3562357272842,78754,2015,1
1.3182756953904,78754,2015,2
1.2547829087055,78754,2015,3
1.3761467889908,78754,2015,4
2.0725388601036,78754,2015,5
1.3575105796664,78754,2015,6
2.8359073359073,78754,2015,7
2.3601725160283,78754,2015,8
2.3820867079562,78754,2015,9
2.2764420121926,78754,2015,10
2.4274406332454,78754,2015,11
1.5726853489892,78754,2015,12
0.45663142994132,78754,2016,1
2.6595933869548,78754,2016,2
1.9609803921569,78754,2016,3
1.6202888976365,78754,2016,4
0.83333333333333,78754,2016,5
2.2863247863248,78754,2016,6
2.4626422563088,78754,2016,7
1.7921146953405,78754,2016,8
2.2173913043478,78754,2016,9
1.7444816866129,78754,2016,10
2.1098548918365,78754,2016,11
1.8552875695733,78754,2016,12
1.640557102063,78754,2017,1
1.9231508904189,78754,2017,2
1.8875047187618,78754,2017,3
2.0412244897959,78754,2017,4
1.9231508904189,78754,2017,5
0.98743848743849,78754,2017,6
1.8416249976879,78754,2017,7
3.2362459546926,78754,2017,8
2.0331005413447,78754,2017,9
2.523516630137,78754,2017,10
2.0651001939744,78754,2017,11
1.8904306400998,78754,2017,12
1.7040361640682,78754,2018,1
1.395413740174,78754,2018,2
1.3333333333333,78754,2018,3
2.0258211350165,78754,2018,4
3.030303030303,78759,2010,9
2.704587021827,78759,2010,10
3.087937835174,78759,2010,11
3.0644152595372,78759,2010,12
3.0172413793103,78759,2011,1
3.4873949579832,78759,2011,2
2.4293023255814,78759,2011,3
2.2779043280182,78759,2011,4
2.3851851851852,78759,2011,5
2.4496155661698,78759,2011,6
2.7041644131963,78759,2011,7
2.729754322111,78759,2011,8
2.8579594169763,78759,2011,9
2.7489955593149,78759,2011,10
2.9450500541522,78759,2011,11
2.5713551041399,78759,2011,12
3.0246027875199,78759,2012,1
2.2227161591465,78759,2012,2
2.6407041877834,78759,2012,3
1.8336729023893,78759,2012,4
2.4713150926743,78759,2012,5
2.5806451612903,78759,2012,6
3.1487889273356,78759,2012,7
3.0769230769231,78759,2012,8
2.7229548483977,78759,2012,9
2.1276595744681,78759,2012,10
2.287436713816,78759,2012,11
4.5475216007276,78759,2012,12
2.5316455696203,78759,2013,1
2.3809523809524,78759,2013,2
3.1029893529894,78759,2013,3
3.9997900917703,78759,2013,4
2.7237354085603,78759,2013,5
2.4096385542169,78759,2013,6
3.0891359584881,78759,2013,7
1.890359168242,78759,2013,8
2.040404040404,78759,2013,9
2.5157232704403,78759,2013,10
3.2245509895445,78759,2013,11
2.6361830411599,78759,2013,12
1.3012838812836,78759,2014,1
2.0040142041068,78759,2014,2
2.1139535781872,78759,2014,3
3.971119133574,78759,2014,4
3.4183125841759,78759,2014,5
2.710027100271,78759,2014,6
2.5992607526882,78759,2014,7
2.5823146213811,78759,2014,8
3.2278889606198,78759,2014,9
2.1285653469562,78759,2014,10
2.9320388349515,78759,2014,11
2.7914501815893,78759,2014,12
1.9876902308169,78759,2015,1
1.9955233258286,78759,2015,2
2.6619354209345,78759,2015,3
3.6471460340993,78759,2015,4
2.2727272727273,78759,2015,5
2.5477695819887,78759,2015,6
2.8842873278201,78759,2015,7
2.002861230329,78759,2015,8
2.6170977589551,78759,2015,9
3.2068255369226,78759,2015,10
2.2222222222222,78759,2015,11
1.8969242139974,78759,2015,12
2.7677325686412,78759,2016,1
2.4399030659714,78759,2016,2
2.0292929292929,78759,2016,3
2.247191011236,78759,2016,4
2.4384891984484,78759,2016,5
2.2988505747126,78759,2016,6
2.2809126396554,78759,2016,7
2.6143790849673,78759,2016,8
2.3472198603811,78759,2016,9
2.5,78759,2016,10
1.8765065563114,78759,2016,11
2.8129602356407,78759,2016,12
1.9608073820476,78759,2017,1
2.6703194458803,78759,2017,2
3.0816640986132,78759,2017,3
3.0321418064136,78759,2017,4
2.3158222185708,78759,2017,5
2.7597703278385,78759,2017,6
2.6738464000054,78759,2017,7
2.0,78759,2017,8
2.3357664233577,78759,2017,9
1.9230769230769,78759,2017,10
2.2995068420198,78759,2017,11
2.0412329046744,78759,2017,12
2.0671834625323,78759,2018,1
2.2109547309407,78759,2018,2
2.8652677713263,78759,2018,3
2.153024911032,78759,2018,4
