Median Listing Price,Zip Code,Year,Month
498000.0,78701,2015,2
465000.0,78701,2015,3
475000.0,78701,2015,4
474750.0,78701,2015,5
509999.0,78701,2015,6
522247.5,78701,2015,7
533700.0,78701,2015,8
539900.0,78701,2015,9
533280.0,78701,2015,10
491950.0,78701,2015,11
491950.0,78701,2015,12
494900.0,78701,2016,1
519950.0,78701,2016,2
509950.0,78701,2016,3
499500.0,78701,2016,4
537000.0,78701,2016,5
545000.0,78701,2016,6
535000.0,78701,2016,7
585000.0,78701,2016,8
585000.0,78701,2016,9
597450.0,78701,2016,10
573450.0,78701,2016,11
573450.0,78701,2016,12
574950.0,78701,2017,1
564500.0,78701,2017,2
561950.0,78701,2017,3
587950.0,78701,2017,4
596850.0,78701,2017,5
598000.0,78701,2017,6
598700.0,78701,2017,7
605000.0,78701,2017,8
210000.0,78702,2010,1
199999.0,78702,2010,2
200000.0,78702,2010,3
207250.0,78702,2010,4
209900.0,78702,2010,5
209900.0,78702,2010,6
212700.0,78702,2010,7
211450.0,78702,2010,8
209700.0,78702,2010,9
200000.0,78702,2010,10
199997.0,78702,2010,11
199999.0,78702,2010,12
199999.0,78702,2011,1
199000.0,78702,2011,2
199000.0,78702,2011,3
190000.0,78702,2011,4
198900.0,78702,2011,5
199900.0,78702,2011,6
210000.0,78702,2011,7
210000.0,78702,2011,8
202500.0,78702,2011,9
209000.0,78702,2011,10
215000.0,78702,2011,11
209997.5,78702,2011,12
206500.0,78702,2012,1
209997.5,78702,2012,2
214900.0,78702,2012,3
210000.0,78702,2012,4
216000.0,78702,2012,5
220000.0,78702,2012,6
219950.0,78702,2012,7
218000.0,78702,2012,8
220000.0,78702,2012,9
216000.0,78702,2012,10
249000.0,78702,2012,11
259700.0,78702,2012,12
251000.0,78702,2013,1
259350.0,78702,2013,2
274750.0,78702,2013,3
279000.0,78702,2013,4
279000.0,78702,2013,5
283000.0,78702,2013,6
289000.0,78702,2013,7
309500.0,78702,2013,8
314900.0,78702,2013,9
309900.0,78702,2013,10
309950.0,78702,2013,11
315000.0,78702,2013,12
335000.0,78702,2014,1
342845.0,78702,2014,2
349900.0,78702,2014,3
350000.0,78702,2014,4
374900.0,78702,2014,5
355000.0,78702,2014,6
374900.0,78702,2014,7
346945.0,78702,2014,8
350000.0,78702,2014,9
359000.0,78702,2014,10
370000.0,78702,2014,11
372500.0,78702,2014,12
399900.0,78702,2015,1
374900.0,78702,2015,2
369900.0,78702,2015,3
375000.0,78702,2015,4
375000.0,78702,2015,5
380000.0,78702,2015,6
385000.0,78702,2015,7
399000.0,78702,2015,8
399999.5,78702,2015,9
400000.0,78702,2015,10
400000.0,78702,2015,11
399900.0,78702,2015,12
399950.0,78702,2016,1
408450.0,78702,2016,2
417500.0,78702,2016,3
399500.0,78702,2016,4
399000.0,78702,2016,5
419900.0,78702,2016,6
400000.0,78702,2016,7
399900.0,78702,2016,8
399350.0,78702,2016,9
399000.0,78702,2016,10
400000.0,78702,2016,11
399000.0,78702,2016,12
400000.0,78702,2017,1
409000.0,78702,2017,2
412500.0,78702,2017,3
419450.0,78702,2017,4
429450.0,78702,2017,5
429000.0,78702,2017,6
449000.0,78702,2017,7
429900.0,78702,2017,8
425000.0,78702,2017,9
424000.0,78702,2017,10
410000.0,78702,2017,11
409975.0,78702,2017,12
417450.0,78702,2018,1
410000.0,78702,2018,2
420000.0,78702,2018,3
439000.0,78702,2018,4
564900.0,78703,2010,1
557000.0,78703,2010,2
574889.0,78703,2010,3
574944.5,78703,2010,4
595000.0,78703,2010,5
575000.0,78703,2010,6
574444.5,78703,2010,7
595000.0,78703,2010,8
549450.0,78703,2010,9
550000.0,78703,2010,10
527000.0,78703,2010,11
539900.0,78703,2010,12
539250.0,78703,2011,1
500000.0,78703,2011,2
545500.0,78703,2011,3
569000.0,78703,2011,4
572000.0,78703,2011,5
599000.0,78703,2011,6
597000.0,78703,2011,7
567000.0,78703,2011,8
569000.0,78703,2011,9
547000.0,78703,2011,10
594450.0,78703,2011,11
575000.0,78703,2011,12
550000.0,78703,2012,1
595000.0,78703,2012,2
599000.0,78703,2012,3
600000.0,78703,2012,4
677000.0,78703,2012,5
679000.0,78703,2012,6
698650.0,78703,2012,7
695000.0,78703,2012,8
689000.0,78703,2012,9
689325.0,78703,2012,10
695000.0,78703,2012,11
695000.0,78703,2012,12
695000.0,78703,2013,1
699000.0,78703,2013,2
750000.0,78703,2013,3
699900.0,78703,2013,4
699900.0,78703,2013,5
697450.0,78703,2013,6
699450.0,78703,2013,7
749000.0,78703,2013,8
830000.0,78703,2013,9
899900.0,78703,2013,10
985000.0,78703,2013,11
825000.0,78703,2013,12
775000.0,78703,2014,1
775000.0,78703,2014,2
818000.0,78703,2014,3
816900.0,78703,2014,4
872500.0,78703,2014,5
795000.0,78703,2014,6
734000.0,78703,2014,7
734000.0,78703,2014,8
699000.0,78703,2014,9
650000.0,78703,2014,10
649500.0,78703,2014,11
627500.0,78703,2014,12
700000.0,78703,2015,1
699900.0,78703,2015,2
810000.0,78703,2015,3
939450.0,78703,2015,4
851000.0,78703,2015,5
800000.0,78703,2015,6
765000.0,78703,2015,7
700000.0,78703,2015,8
770450.0,78703,2015,9
799700.0,78703,2015,10
775000.0,78703,2015,11
829000.0,78703,2015,12
799900.0,78703,2016,1
798000.0,78703,2016,2
799000.0,78703,2016,3
799000.0,78703,2016,4
849000.0,78703,2016,5
875000.0,78703,2016,6
899000.0,78703,2016,7
885000.0,78703,2016,8
895000.0,78703,2016,9
896000.0,78703,2016,10
875000.0,78703,2016,11
823569.0,78703,2016,12
825000.0,78703,2017,1
895000.0,78703,2017,2
919900.0,78703,2017,3
999000.0,78703,2017,4
949000.0,78703,2017,5
995000.0,78703,2017,6
949900.0,78703,2017,7
895000.0,78703,2017,8
920000.0,78703,2017,9
915000.0,78703,2017,10
899000.0,78703,2017,11
894450.0,78703,2017,12
892450.0,78703,2018,1
899000.0,78703,2018,2
899990.0,78703,2018,3
925000.0,78703,2018,4
300000.0,78704,2010,1
314900.0,78704,2010,2
319950.0,78704,2010,3
326000.0,78704,2010,4
349950.0,78704,2010,5
349000.0,78704,2010,6
342225.0,78704,2010,7
349900.0,78704,2010,8
359000.0,78704,2010,9
329000.0,78704,2010,10
324950.0,78704,2010,11
320000.0,78704,2010,12
338250.0,78704,2011,1
325000.0,78704,2011,2
325000.0,78704,2011,3
339000.0,78704,2011,4
320000.0,78704,2011,5
326500.0,78704,2011,6
320000.0,78704,2011,7
322500.0,78704,2011,8
345890.0,78704,2011,9
363250.0,78704,2011,10
349800.0,78704,2011,11
325990.0,78704,2011,12
314900.0,78704,2012,1
339000.0,78704,2012,2
378000.0,78704,2012,3
378950.0,78704,2012,4
399000.0,78704,2012,5
395000.0,78704,2012,6
389000.0,78704,2012,7
364750.0,78704,2012,8
349750.0,78704,2012,9
348200.0,78704,2012,10
379000.0,78704,2012,11
350000.0,78704,2012,12
354500.0,78704,2013,1
350000.0,78704,2013,2
370000.0,78704,2013,3
399000.0,78704,2013,4
375000.0,78704,2013,5
375250.0,78704,2013,6
379000.0,78704,2013,7
380000.0,78704,2013,8
399000.0,78704,2013,9
409500.0,78704,2013,10
425000.0,78704,2013,11
429450.0,78704,2013,12
419500.0,78704,2014,1
415000.0,78704,2014,2
419450.0,78704,2014,3
427450.0,78704,2014,4
449900.0,78704,2014,5
439450.0,78704,2014,6
439900.0,78704,2014,7
449537.5,78704,2014,8
449900.0,78704,2014,9
449000.0,78704,2014,10
479000.0,78704,2014,11
495000.0,78704,2014,12
487000.0,78704,2015,1
489000.0,78704,2015,2
527000.0,78704,2015,3
549495.0,78704,2015,4
550000.0,78704,2015,5
565000.0,78704,2015,6
527000.0,78704,2015,7
525000.0,78704,2015,8
550000.0,78704,2015,9
554500.0,78704,2015,10
539900.0,78704,2015,11
549900.0,78704,2015,12
549000.0,78704,2016,1
575000.0,78704,2016,2
565000.0,78704,2016,3
565000.0,78704,2016,4
550000.0,78704,2016,5
563500.0,78704,2016,6
575000.0,78704,2016,7
549900.0,78704,2016,8
559000.0,78704,2016,9
549900.0,78704,2016,10
559000.0,78704,2016,11
575000.0,78704,2016,12
562000.0,78704,2017,1
549900.0,78704,2017,2
560000.0,78704,2017,3
569900.0,78704,2017,4
565000.0,78704,2017,5
550000.0,78704,2017,6
550000.0,78704,2017,7
565000.0,78704,2017,8
575000.0,78704,2017,9
584950.0,78704,2017,10
550000.0,78704,2017,11
550000.0,78704,2017,12
549990.0,78704,2018,1
549000.0,78704,2018,2
559000.0,78704,2018,3
585000.0,78704,2018,4
286400.0,78705,2016,2
259900.0,78705,2016,3
269000.0,78705,2016,4
253950.0,78705,2016,5
285000.0,78705,2016,6
315000.0,78705,2016,7
330000.0,78705,2016,8
339450.0,78705,2016,9
344499.5,78705,2016,10
339900.0,78705,2016,11
324900.0,78705,2016,12
324750.0,78705,2017,1
339900.0,78705,2017,2
339950.0,78705,2017,3
339900.0,78705,2017,4
339450.0,78705,2017,5
319900.0,78705,2017,6
275000.0,78705,2017,7
319900.0,78705,2017,8
319900.0,78705,2017,9
303000.0,78705,2017,10
239950.0,78717,2010,1
242000.0,78717,2010,2
239900.0,78717,2010,3
239947.5,78717,2010,4
239995.0,78717,2010,5
239900.0,78717,2010,6
239900.0,78717,2010,7
239949.5,78717,2010,8
249900.0,78717,2010,9
250000.0,78717,2010,10
249900.0,78717,2010,11
240538.0,78717,2010,12
237750.0,78717,2011,1
230953.0,78717,2011,2
239900.0,78717,2011,3
242500.0,78717,2011,4
247450.0,78717,2011,5
242000.0,78717,2011,6
239400.0,78717,2011,7
237000.0,78717,2011,8
229900.0,78717,2011,9
233000.0,78717,2011,10
234900.0,78717,2011,11
232900.0,78717,2011,12
230450.0,78717,2012,1
234965.0,78717,2012,2
234965.0,78717,2012,3
239379.0,78717,2012,4
239995.0,78717,2012,5
239500.0,78717,2012,6
249950.0,78717,2012,7
249800.0,78717,2012,8
248900.0,78717,2012,9
257900.0,78717,2012,10
258913.5,78717,2012,11
265000.0,78717,2012,12
271846.0,78717,2013,1
291178.5,78717,2013,2
279460.0,78717,2013,3
278000.0,78717,2013,4
284250.0,78717,2013,5
291717.5,78717,2013,6
299550.0,78717,2013,7
290700.0,78717,2013,8
300000.0,78717,2013,9
319000.0,78717,2013,10
306400.0,78717,2013,11
342495.0,78717,2013,12
326000.0,78717,2014,1
378990.0,78717,2014,2
386495.0,78717,2014,3
366995.0,78717,2014,4
378990.0,78717,2014,5
364500.0,78717,2014,6
370990.0,78717,2014,7
371490.0,78717,2014,8
338500.0,78717,2014,9
364995.0,78717,2014,10
346900.0,78717,2014,11
363740.0,78717,2014,12
375000.0,78717,2015,1
367745.0,78717,2015,2
355995.0,78717,2015,3
349900.0,78717,2015,4
358395.0,78717,2015,5
363990.0,78717,2015,6
366257.5,78717,2015,7
373002.5,78717,2015,8
379900.0,78717,2015,9
386010.0,78717,2015,10
376987.5,78717,2015,11
378490.0,78717,2015,12
384900.0,78717,2016,1
346965.0,78717,2016,2
351144.0,78717,2016,3
349000.0,78717,2016,4
349900.0,78717,2016,5
350000.0,78717,2016,6
355970.0,78717,2016,7
354900.0,78717,2016,8
349900.0,78717,2016,9
372069.0,78717,2016,10
375000.0,78717,2016,11
372000.0,78717,2016,12
369900.0,78717,2017,1
371849.0,78717,2017,2
371849.0,78717,2017,3
371900.0,78717,2017,4
364724.0,78717,2017,5
374900.0,78717,2017,6
365000.0,78717,2017,7
361250.0,78717,2017,8
354900.0,78717,2017,9
377220.0,78717,2017,10
358279.5,78717,2017,11
342287.5,78717,2017,12
334445.0,78717,2018,1
343357.5,78717,2018,2
347000.0,78717,2018,3
359000.0,78717,2018,4
241450.0,78721,2014,11
254950.0,78721,2014,12
261950.0,78721,2015,1
259900.0,78721,2015,2
259900.0,78721,2015,3
272450.0,78721,2015,4
275000.0,78721,2015,5
273750.0,78721,2015,6
277000.0,78721,2015,7
275000.0,78721,2015,8
299000.0,78721,2015,9
285000.0,78721,2015,10
295000.0,78721,2015,11
296950.0,78721,2015,12
295000.0,78721,2016,1
289000.0,78721,2016,2
297495.0,78721,2016,3
314945.0,78721,2016,4
314990.0,78721,2016,5
318750.0,78721,2016,6
320000.0,78721,2016,7
325000.0,78721,2016,8
312450.0,78721,2016,9
324950.0,78721,2016,10
325000.0,78721,2016,11
332495.0,78721,2016,12
339000.0,78721,2017,1
339000.0,78721,2017,2
319000.0,78721,2017,3
310000.0,78721,2017,4
337400.0,78721,2017,5
339950.0,78721,2017,6
325000.0,78721,2017,7
342500.0,78721,2017,8
347000.0,78721,2017,9
339500.0,78721,2017,10
329450.0,78721,2017,11
345000.0,78721,2017,12
340995.0,78721,2018,1
362445.0,78721,2018,2
359990.0,78721,2018,3
369250.0,78721,2018,4
299997.5,78723,2014,4
300000.0,78723,2014,5
320000.0,78723,2014,6
303000.0,78723,2014,7
339750.0,78723,2014,8
299900.0,78723,2014,9
300000.0,78723,2014,10
299900.0,78723,2014,11
319000.0,78723,2014,12
320000.0,78723,2015,1
349000.0,78723,2015,2
355000.0,78723,2015,3
348000.0,78723,2015,4
349900.0,78723,2015,5
324000.0,78723,2015,6
300000.0,78723,2015,7
325000.0,78723,2015,8
329000.0,78723,2015,9
365000.0,78723,2015,10
349000.0,78723,2015,11
349900.0,78723,2015,12
339900.0,78723,2016,1
349900.0,78723,2016,2
349000.0,78723,2016,3
328600.0,78723,2016,4
359000.0,78723,2016,5
363990.0,78723,2016,6
364950.0,78723,2016,7
359950.0,78723,2016,8
364999.0,78723,2016,9
370000.0,78723,2016,10
365000.0,78723,2016,11
375000.0,78723,2016,12
371990.0,78723,2017,1
375000.0,78723,2017,2
389000.0,78723,2017,3
390003.0,78723,2017,4
397520.5,78723,2017,5
395000.0,78723,2017,6
399000.0,78723,2017,7
393105.5,78723,2017,8
395990.0,78723,2017,9
389142.0,78723,2017,10
389571.0,78723,2017,11
392450.0,78723,2017,12
397900.0,78723,2018,1
429000.0,78723,2018,2
430945.0,78723,2018,3
423950.0,78723,2018,4
227450.0,78724,2016,5
219999.5,78724,2016,6
219999.5,78724,2016,7
236500.0,78724,2016,8
244450.0,78724,2016,9
239450.0,78724,2016,10
213000.0,78724,2016,11
229400.0,78724,2016,12
217990.0,78724,2017,1
221990.0,78724,2017,2
220000.0,78724,2017,3
232997.5,78724,2017,4
247242.5,78724,2017,5
243000.0,78724,2017,6
234900.0,78724,2017,7
239400.0,78724,2017,8
247450.0,78724,2017,9
220000.0,78724,2017,10
219900.0,78724,2017,11
222495.0,78724,2017,12
221990.0,78724,2018,1
222990.0,78724,2018,2
224000.0,78724,2018,3
224990.0,78724,2018,4
153500.0,78725,2015,1
149500.0,78725,2015,2
137000.0,78725,2015,3
146500.0,78725,2015,4
160000.0,78725,2015,5
149999.0,78725,2015,6
156900.0,78725,2015,7
169900.0,78725,2015,8
176492.5,78725,2015,9
181490.0,78725,2015,10
179245.0,78725,2015,11
178245.0,78725,2015,12
180990.0,78725,2016,1
179495.0,78725,2016,2
175000.0,78725,2016,3
179120.0,78725,2016,4
179512.5,78725,2016,5
187510.0,78725,2016,6
186344.0,78725,2016,7
193990.0,78725,2016,8
197900.0,78725,2016,9
197185.0,78725,2016,10
190995.0,78725,2016,11
188495.0,78725,2016,12
196990.0,78725,2017,1
185995.0,78725,2017,2
190000.0,78725,2017,3
189900.0,78725,2017,4
185050.0,78725,2017,5
185000.0,78725,2017,6
200990.0,78725,2017,7
210000.0,78725,2017,8
214900.0,78725,2017,9
208995.0,78725,2017,10
224990.0,78725,2017,11
229000.0,78725,2017,12
226990.0,78725,2018,1
227490.0,78725,2018,2
229250.0,78725,2018,3
222990.0,78725,2018,4
335950.0,78726,2010,1
334744.0,78726,2010,2
334588.0,78726,2010,3
338000.0,78726,2010,4
339000.0,78726,2010,5
337000.0,78726,2010,6
329900.0,78726,2010,7
334500.0,78726,2010,8
329900.0,78726,2010,9
349000.0,78726,2010,10
349750.0,78726,2010,11
343000.0,78726,2010,12
335900.0,78726,2011,1
321878.5,78726,2011,2
321491.5,78726,2011,3
321491.5,78726,2011,4
315750.0,78726,2011,5
305900.0,78726,2011,6
305900.0,78726,2011,7
313995.0,78726,2011,8
315445.0,78726,2011,9
315445.0,78726,2011,10
318490.0,78726,2011,11
314900.0,78726,2011,12
319500.0,78726,2012,1
314900.0,78726,2012,2
314900.0,78726,2012,3
318483.0,78726,2012,4
323445.0,78726,2012,5
339000.0,78726,2012,6
361500.0,78726,2012,7
349900.0,78726,2012,8
349900.0,78726,2012,9
349900.0,78726,2012,10
373231.0,78726,2012,11
346490.0,78726,2012,12
375000.0,78726,2013,1
352015.5,78726,2013,2
359000.0,78726,2013,3
358495.0,78726,2013,4
358900.0,78726,2013,5
358400.0,78726,2013,6
385990.0,78726,2013,7
399450.0,78726,2013,8
407445.0,78726,2013,9
409995.0,78726,2013,10
396495.0,78726,2013,11
399450.0,78726,2013,12
397400.0,78726,2014,1
397400.0,78726,2014,2
425000.0,78726,2014,3
429500.0,78726,2014,4
421212.0,78726,2014,5
410000.0,78726,2014,6
407845.0,78726,2014,7
408922.5,78726,2014,8
419192.5,78726,2014,9
429000.0,78726,2014,10
430000.0,78726,2014,11
434000.0,78726,2014,12
431857.5,78726,2015,1
425550.0,78726,2015,2
430872.5,78726,2015,3
444495.0,78726,2015,4
448450.0,78726,2015,5
428030.0,78726,2015,6
419900.0,78726,2015,7
414800.0,78726,2015,8
430130.0,78726,2015,9
417945.0,78726,2015,10
422305.0,78726,2015,11
424000.0,78726,2015,12
423152.5,78726,2016,1
438130.0,78726,2016,2
443882.5,78726,2016,3
457450.0,78726,2016,4
475000.0,78726,2016,5
489400.0,78726,2016,6
494000.0,78726,2016,7
512730.0,78726,2016,8
492000.0,78726,2016,9
492000.0,78726,2016,10
470000.0,78726,2016,11
475000.0,78726,2016,12
489950.0,78726,2017,1
479950.0,78726,2017,2
479500.0,78726,2017,3
499900.0,78726,2017,4
489900.0,78726,2017,5
475000.0,78726,2017,6
469500.0,78726,2017,7
469500.0,78726,2017,8
471680.0,78726,2017,9
484000.0,78726,2017,10
499999.0,78726,2017,11
489950.0,78726,2017,12
468495.0,78726,2018,1
465000.0,78726,2018,2
469000.0,78726,2018,3
518000.0,78726,2018,4
198500.0,78727,2010,1
199500.0,78727,2010,2
199000.0,78727,2010,3
207250.0,78727,2010,4
205999.0,78727,2010,5
204900.0,78727,2010,6
205000.0,78727,2010,7
205000.0,78727,2010,8
199250.0,78727,2010,9
190000.0,78727,2010,10
189700.0,78727,2010,11
187250.0,78727,2010,12
184900.0,78727,2011,1
189500.0,78727,2011,2
192200.0,78727,2011,3
196400.0,78727,2011,4
194700.0,78727,2011,5
189900.0,78727,2011,6
192400.0,78727,2011,7
185000.0,78727,2011,8
178750.0,78727,2011,9
179450.0,78727,2011,10
162950.0,78727,2011,11
167500.0,78727,2011,12
167824.5,78727,2012,1
164900.0,78727,2012,2
177000.0,78727,2012,3
179325.0,78727,2012,4
192450.0,78727,2012,5
199950.0,78727,2012,6
196750.0,78727,2012,7
194500.0,78727,2012,8
195000.0,78727,2012,9
199900.0,78727,2012,10
209900.0,78727,2012,11
194500.0,78727,2012,12
208500.0,78727,2013,1
219500.0,78727,2013,2
227450.0,78727,2013,3
227000.0,78727,2013,4
227000.0,78727,2013,5
257990.0,78727,2013,6
259900.0,78727,2013,7
258000.0,78727,2013,8
259990.0,78727,2013,9
265990.0,78727,2013,10
265990.0,78727,2013,11
278990.0,78727,2013,12
288245.0,78727,2014,1
289990.0,78727,2014,2
286990.0,78727,2014,3
289490.0,78727,2014,4
295000.0,78727,2014,5
302990.0,78727,2014,6
299990.0,78727,2014,7
304990.0,78727,2014,8
269900.0,78727,2014,9
241000.0,78727,2014,10
241000.0,78727,2014,11
245000.0,78727,2014,12
242535.0,78727,2015,1
241217.5,78727,2015,2
273395.0,78727,2015,3
268500.0,78727,2015,4
247250.0,78727,2015,5
259900.0,78727,2015,6
259900.0,78727,2015,7
269900.0,78727,2015,8
279922.0,78727,2015,9
311490.0,78727,2015,10
317490.0,78727,2015,11
317990.0,78727,2015,12
309450.0,78727,2016,1
272250.0,78727,2016,2
309997.0,78727,2016,3
309900.0,78727,2016,4
302450.0,78727,2016,5
324945.0,78727,2016,6
327000.0,78727,2016,7
320000.0,78727,2016,8
322482.0,78727,2016,9
319900.0,78727,2016,10
299970.0,78727,2016,11
299950.0,78727,2016,12
298282.5,78727,2017,1
306000.0,78727,2017,2
316495.0,78727,2017,3
315000.0,78727,2017,4
326499.5,78727,2017,5
326499.5,78727,2017,6
312450.0,78727,2017,7
317250.0,78727,2017,8
320000.0,78727,2017,9
328999.5,78727,2017,10
329000.0,78727,2017,11
329000.0,78727,2017,12
325000.0,78727,2018,1
320000.0,78727,2018,2
327970.0,78727,2018,3
339995.0,78727,2018,4
180500.0,78728,2010,1
175000.0,78728,2010,2
179900.0,78728,2010,3
180000.0,78728,2010,4
184900.0,78728,2010,5
181000.0,78728,2010,6
179995.0,78728,2010,7
180497.5,78728,2010,8
179450.0,78728,2010,9
174900.0,78728,2010,10
175000.0,78728,2010,11
175000.0,78728,2010,12
178350.0,78728,2011,1
174950.0,78728,2011,2
172000.0,78728,2011,3
169900.0,78728,2011,4
170950.0,78728,2011,5
169949.5,78728,2011,6
169949.5,78728,2011,7
169900.0,78728,2011,8
168200.0,78728,2011,9
168000.0,78728,2011,10
165000.0,78728,2011,11
169900.0,78728,2011,12
165000.0,78728,2012,1
165450.0,78728,2012,2
167500.0,78728,2012,3
169700.0,78728,2012,4
174900.0,78728,2012,5
179900.0,78728,2012,6
179450.0,78728,2012,7
183445.0,78728,2012,8
180000.0,78728,2012,9
179950.0,78728,2012,10
190445.0,78728,2012,11
193000.0,78728,2012,12
189900.0,78728,2013,1
194500.0,78728,2013,2
194490.0,78728,2013,3
195000.0,78728,2013,4
197995.0,78728,2013,5
199991.0,78728,2013,6
199991.0,78728,2013,7
204500.0,78728,2013,8
206990.0,78728,2013,9
214095.0,78728,2013,10
215000.0,78728,2013,11
224990.0,78728,2013,12
229995.0,78728,2014,1
221945.0,78728,2014,2
219500.0,78728,2014,3
219900.0,78728,2014,4
224900.0,78728,2014,5
225000.0,78728,2014,6
215000.0,78728,2014,7
224999.5,78728,2014,8
229900.0,78728,2014,9
220000.0,78728,2014,10
229900.0,78728,2014,11
245000.0,78728,2014,12
246000.0,78728,2015,1
245000.0,78728,2015,2
245490.0,78728,2015,3
251990.0,78728,2015,4
247999.0,78728,2015,5
244950.0,78728,2015,6
245000.0,78728,2015,7
250617.5,78728,2015,8
251235.0,78728,2015,9
239995.0,78728,2015,10
253445.0,78728,2015,11
256990.0,78728,2015,12
260000.0,78728,2016,1
273700.0,78728,2016,2
273700.0,78728,2016,3
257000.0,78728,2016,4
274900.0,78728,2016,5
275000.0,78728,2016,6
275000.0,78728,2016,7
270495.0,78728,2016,8
271445.0,78728,2016,9
275000.0,78728,2016,10
275000.0,78728,2016,11
274000.0,78728,2016,12
272500.0,78728,2017,1
266950.0,78728,2017,2
272500.0,78728,2017,3
284950.0,78728,2017,4
284900.0,78728,2017,5
271000.0,78728,2017,6
284740.0,78728,2017,7
280990.0,78728,2017,8
283055.0,78728,2017,9
291745.0,78728,2017,10
286005.0,78728,2017,11
288990.0,78728,2017,12
291005.0,78728,2018,1
295000.0,78728,2018,2
296540.0,78728,2018,3
304995.0,78728,2018,4
195000.0,78729,2010,1
189950.0,78729,2010,2
199777.0,78729,2010,3
199000.0,78729,2010,4
198900.0,78729,2010,5
194000.0,78729,2010,6
197000.0,78729,2010,7
198346.0,78729,2010,8
196900.0,78729,2010,9
191300.0,78729,2010,10
188500.0,78729,2010,11
192850.0,78729,2010,12
189990.0,78729,2011,1
189000.0,78729,2011,2
189900.0,78729,2011,3
198050.0,78729,2011,4
195900.0,78729,2011,5
199750.0,78729,2011,6
194250.0,78729,2011,7
189900.0,78729,2011,8
189900.0,78729,2011,9
184900.0,78729,2011,10
184900.0,78729,2011,11
179945.0,78729,2011,12
184759.0,78729,2012,1
184829.5,78729,2012,2
179900.0,78729,2012,3
185000.0,78729,2012,4
185000.0,78729,2012,5
189900.0,78729,2012,6
191500.0,78729,2012,7
194500.0,78729,2012,8
183247.5,78729,2012,9
185000.0,78729,2012,10
199900.0,78729,2012,11
204900.0,78729,2012,12
218500.0,78729,2013,1
219200.0,78729,2013,2
214900.0,78729,2013,3
214950.0,78729,2013,4
244950.0,78729,2013,5
242800.0,78729,2013,6
249990.0,78729,2013,7
249000.0,78729,2013,8
249990.0,78729,2013,9
257000.0,78729,2013,10
251250.0,78729,2013,11
262990.0,78729,2013,12
272600.0,78729,2014,1
276990.0,78729,2014,2
274995.0,78729,2014,3
270990.0,78729,2014,4
275000.0,78729,2014,5
284990.0,78729,2014,6
279900.0,78729,2014,7
285995.0,78729,2014,8
284995.0,78729,2014,9
284990.0,78729,2014,10
279900.0,78729,2014,11
287995.0,78729,2014,12
284990.0,78729,2015,1
284990.0,78729,2015,2
275000.0,78729,2015,3
274950.0,78729,2015,4
277450.0,78729,2015,5
289995.0,78729,2015,6
289000.0,78729,2015,7
289000.0,78729,2015,8
299900.0,78729,2015,9
279900.0,78729,2015,10
285000.0,78729,2015,11
294445.0,78729,2015,12
293495.0,78729,2016,1
265000.0,78729,2016,2
257000.0,78729,2016,3
264000.0,78729,2016,4
270000.0,78729,2016,5
268191.5,78729,2016,6
259997.0,78729,2016,7
256250.0,78729,2016,8
254350.0,78729,2016,9
251770.0,78729,2016,10
259900.0,78729,2016,11
259900.0,78729,2016,12
266500.0,78729,2017,1
259900.0,78729,2017,2
271500.0,78729,2017,3
285000.0,78729,2017,4
292450.0,78729,2017,5
294900.0,78729,2017,6
290000.0,78729,2017,7
289900.0,78729,2017,8
299900.0,78729,2017,9
312000.0,78729,2017,10
311000.0,78729,2017,11
299995.0,78729,2017,12
299475.0,78729,2018,1
299990.0,78729,2018,2
309995.0,78729,2018,3
310000.0,78729,2018,4
707495.0,78730,2017,2
757450.0,78730,2017,3
799950.0,78730,2017,4
750000.0,78730,2017,5
775000.0,78730,2017,6
744000.0,78730,2017,7
737000.0,78730,2017,8
692000.0,78730,2017,9
799000.0,78730,2017,10
815000.0,78730,2017,11
798000.0,78730,2017,12
659995.0,78730,2018,1
699000.0,78730,2018,2
790000.0,78730,2018,3
857450.0,78730,2018,4
472000.0,78731,2010,1
475000.0,78731,2010,2
478500.0,78731,2010,3
475000.0,78731,2010,4
484900.0,78731,2010,5
489000.0,78731,2010,6
474900.0,78731,2010,7
470000.0,78731,2010,8
472475.0,78731,2010,9
465000.0,78731,2010,10
450000.0,78731,2010,11
439000.0,78731,2010,12
437750.0,78731,2011,1
439000.0,78731,2011,2
439993.5,78731,2011,3
449000.0,78731,2011,4
450000.0,78731,2011,5
450000.0,78731,2011,6
439943.5,78731,2011,7
430950.0,78731,2011,8
425700.0,78731,2011,9
435000.0,78731,2011,10
431000.0,78731,2011,11
425000.0,78731,2011,12
429900.0,78731,2012,1
449000.0,78731,2012,2
459000.0,78731,2012,3
497750.0,78731,2012,4
519900.0,78731,2012,5
549000.0,78731,2012,6
519900.0,78731,2012,7
539999.0,78731,2012,8
529450.0,78731,2012,9
521950.0,78731,2012,10
514950.0,78731,2012,11
479999.0,78731,2012,12
507500.0,78731,2013,1
519000.0,78731,2013,2
519000.0,78731,2013,3
599000.0,78731,2013,4
589000.0,78731,2013,5
549900.0,78731,2013,6
567000.0,78731,2013,7
575000.0,78731,2013,8
597000.0,78731,2013,9
559250.0,78731,2013,10
549000.0,78731,2013,11
567500.0,78731,2013,12
575000.0,78731,2014,1
639900.0,78731,2014,2
625000.0,78731,2014,3
643500.0,78731,2014,4
612000.0,78731,2014,5
674950.0,78731,2014,6
585000.0,78731,2014,7
599000.0,78731,2014,8
579000.0,78731,2014,9
579000.0,78731,2014,10
599000.0,78731,2014,11
609450.0,78731,2014,12
595000.0,78731,2015,1
599999.0,78731,2015,2
637200.0,78731,2015,3
605000.0,78731,2015,4
625000.0,78731,2015,5
630000.0,78731,2015,6
649000.0,78731,2015,7
649000.0,78731,2015,8
649900.0,78731,2015,9
649450.0,78731,2015,10
635000.0,78731,2015,11
632400.0,78731,2015,12
644450.0,78731,2016,1
699000.0,78731,2016,2
699900.0,78731,2016,3
699999.0,78731,2016,4
699000.0,78731,2016,5
679900.0,78731,2016,6
699447.5,78731,2016,7
699897.5,78731,2016,8
732000.0,78731,2016,9
725000.0,78731,2016,10
699000.0,78731,2016,11
685000.0,78731,2016,12
674900.0,78731,2017,1
672500.0,78731,2017,2
682000.0,78731,2017,3
747000.0,78731,2017,4
771950.0,78731,2017,5
767400.0,78731,2017,6
749900.0,78731,2017,7
709500.0,78731,2017,8
737450.0,78731,2017,9
724000.0,78731,2017,10
695000.0,78731,2017,11
740000.0,78731,2017,12
739000.0,78731,2018,1
749000.0,78731,2018,2
745000.0,78731,2018,3
750000.0,78731,2018,4
430500.0,78732,2010,1
429900.0,78732,2010,2
415450.0,78732,2010,3
410250.0,78732,2010,4
431000.0,78732,2010,5
430000.0,78732,2010,6
429900.0,78732,2010,7
419500.0,78732,2010,8
441495.0,78732,2010,9
449925.0,78732,2010,10
439000.0,78732,2010,11
439000.0,78732,2010,12
458495.0,78732,2011,1
450000.0,78732,2011,2
449000.0,78732,2011,3
449000.0,78732,2011,4
454900.0,78732,2011,5
465000.0,78732,2011,6
456500.0,78732,2011,7
452500.0,78732,2011,8
440000.0,78732,2011,9
439990.0,78732,2011,10
449995.0,78732,2011,11
471950.0,78732,2011,12
461500.0,78732,2012,1
464500.0,78732,2012,2
477000.0,78732,2012,3
471500.0,78732,2012,4
475000.0,78732,2012,5
485000.0,78732,2012,6
462400.0,78732,2012,7
459000.0,78732,2012,8
474950.0,78732,2012,9
498375.0,78732,2012,10
554900.0,78732,2012,11
500000.0,78732,2012,12
511000.0,78732,2013,1
525173.0,78732,2013,2
500000.0,78732,2013,3
509000.0,78732,2013,4
499000.0,78732,2013,5
495000.0,78732,2013,6
484499.5,78732,2013,7
489581.0,78732,2013,8
485000.0,78732,2013,9
485000.0,78732,2013,10
515000.0,78732,2013,11
525000.0,78732,2013,12
569900.0,78732,2014,1
524950.0,78732,2014,2
482450.0,78732,2014,3
475000.0,78732,2014,4
475000.0,78732,2014,5
489900.0,78732,2014,6
452613.0,78732,2014,7
452806.5,78732,2014,8
474450.0,78732,2014,9
474950.0,78732,2014,10
529900.0,78732,2014,11
529900.0,78732,2014,12
529900.0,78732,2015,1
539900.0,78732,2015,2
544950.0,78732,2015,3
544950.0,78732,2015,4
552684.0,78732,2015,5
564950.0,78732,2015,6
553842.0,78732,2015,7
536017.5,78732,2015,8
550000.0,78732,2015,9
550000.0,78732,2015,10
534900.0,78732,2015,11
514900.0,78732,2015,12
525000.0,78732,2016,1
539450.0,78732,2016,2
550000.0,78732,2016,3
565000.0,78732,2016,4
550000.0,78732,2016,5
565000.0,78732,2016,6
575000.0,78732,2016,7
599900.0,78732,2016,8
605000.0,78732,2016,9
587000.0,78732,2016,10
597450.0,78732,2016,11
597000.0,78732,2016,12
559000.0,78732,2017,1
549900.0,78732,2017,2
555070.0,78732,2017,3
552535.0,78732,2017,4
579995.0,78732,2017,5
577999.0,78732,2017,6
589000.0,78732,2017,7
599000.0,78732,2017,8
584900.0,78732,2017,9
572500.0,78732,2017,10
570000.0,78732,2017,11
572995.0,78732,2017,12
570990.0,78732,2018,1
571000.0,78732,2018,2
587500.0,78732,2018,3
579900.0,78732,2018,4
1120000.0,78733,2015,12
1022500.0,78733,2016,1
850000.0,78733,2016,2
825000.0,78733,2016,3
739900.0,78733,2016,4
819000.0,78733,2016,5
850000.0,78733,2016,6
969000.0,78733,2016,7
887000.0,78733,2016,8
839000.0,78733,2016,9
819000.0,78733,2016,10
799000.0,78733,2016,11
877500.0,78733,2016,12
995000.0,78733,2017,1
899000.0,78733,2017,2
953500.0,78733,2017,3
975000.0,78733,2017,4
925000.0,78733,2017,5
900000.0,78733,2017,6
957000.0,78733,2017,7
1000000.0,78733,2017,8
850000.0,78733,2017,9
849000.0,78733,2017,10
1000000.0,78733,2017,11
1047500.0,78733,2017,12
1099000.0,78733,2018,1
1100000.0,78733,2018,2
1089000.0,78733,2018,3
1049000.0,78733,2018,4
349900.0,78734,2010,1
349900.0,78734,2010,2
349900.0,78734,2010,3
349900.0,78734,2010,4
350000.0,78734,2010,5
349900.0,78734,2010,6
345000.0,78734,2010,7
349900.0,78734,2010,8
349900.0,78734,2010,9
349900.0,78734,2010,10
350000.0,78734,2010,11
349950.0,78734,2010,12
349450.0,78734,2011,1
325000.0,78734,2011,2
359000.0,78734,2011,3
365900.0,78734,2011,4
365000.0,78734,2011,5
350000.0,78734,2011,6
336000.0,78734,2011,7
329400.0,78734,2011,8
334950.0,78734,2011,9
327990.0,78734,2011,10
326500.0,78734,2011,11
329990.0,78734,2011,12
334500.0,78734,2012,1
325000.0,78734,2012,2
359000.0,78734,2012,3
359000.0,78734,2012,4
365000.0,78734,2012,5
359000.0,78734,2012,6
374950.0,78734,2012,7
369495.0,78734,2012,8
364500.0,78734,2012,9
388495.5,78734,2012,10
374900.0,78734,2012,11
369950.0,78734,2012,12
389000.0,78734,2013,1
390291.0,78734,2013,2
379500.0,78734,2013,3
379000.0,78734,2013,4
389000.0,78734,2013,5
399900.0,78734,2013,6
423995.0,78734,2013,7
425000.0,78734,2013,8
425000.0,78734,2013,9
435995.0,78734,2013,10
434995.0,78734,2013,11
430950.0,78734,2013,12
422450.0,78734,2014,1
419000.0,78734,2014,2
439990.0,78734,2014,3
449950.0,78734,2014,4
450000.0,78734,2014,5
466950.0,78734,2014,6
477950.0,78734,2014,7
450000.0,78734,2014,8
450000.0,78734,2014,9
483995.0,78734,2014,10
480680.0,78734,2014,11
475630.0,78734,2014,12
445990.0,78734,2015,1
453990.0,78734,2015,2
450000.0,78734,2015,3
449900.0,78734,2015,4
449900.0,78734,2015,5
450000.0,78734,2015,6
449900.0,78734,2015,7
465990.0,78734,2015,8
472500.0,78734,2015,9
475000.0,78734,2015,10
499000.0,78734,2015,11
506338.5,78734,2015,12
488250.0,78734,2016,1
450000.0,78734,2016,2
450000.0,78734,2016,3
481950.0,78734,2016,4
489500.0,78734,2016,5
492000.0,78734,2016,6
500000.0,78734,2016,7
499950.0,78734,2016,8
506360.0,78734,2016,9
506360.0,78734,2016,10
499925.0,78734,2016,11
499900.0,78734,2016,12
499400.0,78734,2017,1
492990.0,78734,2017,2
495000.0,78734,2017,3
517000.0,78734,2017,4
525000.0,78734,2017,5
525000.0,78734,2017,6
509750.0,78734,2017,7
499950.0,78734,2017,8
525000.0,78734,2017,9
499000.0,78734,2017,10
475000.0,78734,2017,11
469950.0,78734,2017,12
464900.0,78734,2018,1
474500.0,78734,2018,2
482000.0,78734,2018,3
494500.0,78734,2018,4
802500.0,78735,2016,1
935000.0,78735,2016,2
975000.0,78735,2016,3
985000.0,78735,2016,4
975000.0,78735,2016,5
850000.0,78735,2016,6
925000.0,78735,2016,7
935000.0,78735,2016,8
925000.0,78735,2016,9
899894.0,78735,2016,10
899888.0,78735,2016,11
899000.0,78735,2016,12
975000.0,78735,2017,1
1022488.0,78735,2017,2
975000.0,78735,2017,3
925000.0,78735,2017,4
975000.0,78735,2017,5
836500.0,78735,2017,6
799000.0,78735,2017,7
780000.0,78735,2017,8
487000.0,78736,2015,1
457000.0,78736,2015,2
439000.0,78736,2015,3
402450.0,78736,2015,4
369000.0,78736,2015,5
369900.0,78736,2015,6
365000.0,78736,2015,7
384950.0,78736,2015,8
447250.0,78736,2015,9
433000.0,78736,2015,10
429000.0,78736,2015,11
440000.0,78736,2015,12
442500.0,78736,2016,1
445000.0,78736,2016,2
430000.0,78736,2016,3
430000.0,78736,2016,4
394500.0,78736,2016,5
385000.0,78736,2016,6
390000.0,78736,2016,7
390000.0,78736,2016,8
339000.0,78736,2016,9
390000.0,78736,2016,10
429500.0,78736,2016,11
469900.0,78736,2016,12
499000.0,78736,2017,1
452495.0,78736,2017,2
449900.0,78736,2017,3
425000.0,78736,2017,4
449900.0,78736,2017,5
454990.0,78736,2017,6
439900.0,78736,2017,7
452490.0,78736,2017,8
452990.0,78736,2017,9
457990.0,78736,2017,10
495000.0,78736,2017,11
465615.5,78736,2017,12
463528.0,78736,2018,1
460990.0,78736,2018,2
465990.0,78736,2018,3
493410.5,78736,2018,4
319230.0,78737,2010,1
322200.0,78737,2010,2
325752.0,78737,2010,3
329000.0,78737,2010,4
349000.0,78737,2010,5
335000.0,78737,2010,6
336000.0,78737,2010,7
331560.0,78737,2010,8
316796.5,78737,2010,9
319945.0,78737,2010,10
310000.0,78737,2010,11
315444.5,78737,2010,12
320000.0,78737,2011,1
319945.0,78737,2011,2
325008.0,78737,2011,3
330475.0,78737,2011,4
338840.0,78737,2011,5
332400.0,78737,2011,6
329000.0,78737,2011,7
329000.0,78737,2011,8
318305.0,78737,2011,9
319900.0,78737,2011,10
319100.0,78737,2011,11
319000.0,78737,2011,12
317990.0,78737,2012,1
314990.0,78737,2012,2
316490.0,78737,2012,3
319900.0,78737,2012,4
315000.0,78737,2012,5
314900.0,78737,2012,6
315995.0,78737,2012,7
324900.0,78737,2012,8
330490.0,78737,2012,9
319990.0,78737,2012,10
319900.0,78737,2012,11
318490.0,78737,2012,12
317565.0,78737,2013,1
337990.0,78737,2013,2
349995.0,78737,2013,3
355545.0,78737,2013,4
361990.0,78737,2013,5
372990.0,78737,2013,6
377990.0,78737,2013,7
374990.0,78737,2013,8
378816.0,78737,2013,9
375990.0,78737,2013,10
380000.0,78737,2013,11
386994.0,78737,2013,12
379065.5,78737,2014,1
390225.0,78737,2014,2
400990.0,78737,2014,3
403115.0,78737,2014,4
409990.0,78737,2014,5
407022.5,78737,2014,6
410490.0,78737,2014,7
409990.0,78737,2014,8
410990.0,78737,2014,9
419000.0,78737,2014,10
419990.0,78737,2014,11
418945.0,78737,2014,12
424990.0,78737,2015,1
434490.0,78737,2015,2
435490.0,78737,2015,3
442990.0,78737,2015,4
442990.0,78737,2015,5
444006.5,78737,2015,6
439995.0,78737,2015,7
449495.0,78737,2015,8
444994.5,78737,2015,9
439000.0,78737,2015,10
437990.0,78737,2015,11
425495.0,78737,2015,12
439990.0,78737,2016,1
435000.0,78737,2016,2
439700.0,78737,2016,3
440000.0,78737,2016,4
450000.0,78737,2016,5
466000.0,78737,2016,6
468495.0,78737,2016,7
464750.0,78737,2016,8
488190.0,78737,2016,9
499634.0,78737,2016,10
500000.0,78737,2016,11
496945.0,78737,2016,12
483244.0,78737,2017,1
475000.0,78737,2017,2
479319.5,78737,2017,3
477360.0,78737,2017,4
479900.0,78737,2017,5
486044.0,78737,2017,6
480219.0,78737,2017,7
481490.0,78737,2017,8
496139.0,78737,2017,9
493788.0,78737,2017,10
489914.0,78737,2017,11
489000.0,78737,2017,12
492990.0,78737,2018,1
489900.0,78737,2018,2
489945.0,78737,2018,3
494000.0,78737,2018,4
449000.0,78738,2010,1
463455.0,78738,2010,2
474750.0,78738,2010,3
478873.5,78738,2010,4
484172.5,78738,2010,5
479000.0,78738,2010,6
480415.5,78738,2010,7
475000.0,78738,2010,8
465637.0,78738,2010,9
445831.0,78738,2010,10
449000.0,78738,2010,11
447000.0,78738,2010,12
459800.0,78738,2011,1
449778.0,78738,2011,2
471916.0,78738,2011,3
473683.0,78738,2011,4
461839.0,78738,2011,5
449900.0,78738,2011,6
444900.0,78738,2011,7
429700.0,78738,2011,8
435245.0,78738,2011,9
443900.0,78738,2011,10
427394.0,78738,2011,11
425900.0,78738,2011,12
425000.0,78738,2012,1
420990.0,78738,2012,2
425449.5,78738,2012,3
449450.0,78738,2012,4
459000.0,78738,2012,5
469900.0,78738,2012,6
488900.0,78738,2012,7
471900.0,78738,2012,8
439772.0,78738,2012,9
431118.0,78738,2012,10
445450.0,78738,2012,11
442000.0,78738,2012,12
455000.0,78738,2013,1
460000.0,78738,2013,2
502400.0,78738,2013,3
509450.0,78738,2013,4
519000.0,78738,2013,5
499900.0,78738,2013,6
508400.0,78738,2013,7
501900.0,78738,2013,8
475900.0,78738,2013,9
499990.0,78738,2013,10
538900.0,78738,2013,11
515900.0,78738,2013,12
505990.0,78738,2014,1
520000.0,78738,2014,2
534950.0,78738,2014,3
538000.0,78738,2014,4
528995.0,78738,2014,5
525495.0,78738,2014,6
538995.0,78738,2014,7
525000.0,78738,2014,8
534900.0,78738,2014,9
548000.0,78738,2014,10
554990.0,78738,2014,11
549990.0,78738,2014,12
549990.0,78738,2015,1
547720.5,78738,2015,2
549990.0,78738,2015,3
555990.0,78738,2015,4
559900.0,78738,2015,5
554445.0,78738,2015,6
544465.5,78738,2015,7
510495.0,78738,2015,8
506445.0,78738,2015,9
516990.0,78738,2015,10
513495.0,78738,2015,11
523798.0,78738,2015,12
523990.0,78738,2016,1
554900.0,78738,2016,2
549987.5,78738,2016,3
549975.0,78738,2016,4
589000.0,78738,2016,5
565990.0,78738,2016,6
570490.0,78738,2016,7
559000.0,78738,2016,8
565950.0,78738,2016,9
548990.0,78738,2016,10
552409.5,78738,2016,11
558490.0,78738,2016,12
538490.0,78738,2017,1
526490.0,78738,2017,2
538945.0,78738,2017,3
540000.0,78738,2017,4
549450.0,78738,2017,5
568950.0,78738,2017,6
550000.0,78738,2017,7
534400.0,78738,2017,8
549900.0,78738,2017,9
546901.5,78738,2017,10
539000.0,78738,2017,11
541560.0,78738,2017,12
539950.0,78738,2018,1
555950.0,78738,2018,2
558900.0,78738,2018,3
564450.0,78738,2018,4
329500.0,78739,2010,1
329900.0,78739,2010,2
331795.0,78739,2010,3
331990.0,78739,2010,4
344000.0,78739,2010,5
340990.0,78739,2010,6
335600.0,78739,2010,7
340409.0,78739,2010,8
344500.0,78739,2010,9
344500.0,78739,2010,10
350000.0,78739,2010,11
349925.0,78739,2010,12
349950.0,78739,2011,1
357350.0,78739,2011,2
349700.0,78739,2011,3
357500.0,78739,2011,4
351450.0,78739,2011,5
359000.0,78739,2011,6
349250.0,78739,2011,7
354500.0,78739,2011,8
347000.0,78739,2011,9
349500.0,78739,2011,10
349500.0,78739,2011,11
360750.0,78739,2011,12
365000.0,78739,2012,1
365000.0,78739,2012,2
369900.0,78739,2012,3
374447.5,78739,2012,4
379000.0,78739,2012,5
374950.0,78739,2012,6
375900.0,78739,2012,7
372725.0,78739,2012,8
379700.0,78739,2012,9
389000.0,78739,2012,10
392747.5,78739,2012,11
383070.0,78739,2012,12
379950.0,78739,2013,1
387207.5,78739,2013,2
395000.0,78739,2013,3
399900.0,78739,2013,4
406381.5,78739,2013,5
405000.0,78739,2013,6
407500.0,78739,2013,7
411250.0,78739,2013,8
410950.0,78739,2013,9
425000.0,78739,2013,10
419000.0,78739,2013,11
424975.0,78739,2013,12
440000.0,78739,2014,1
515997.5,78739,2014,2
462500.0,78739,2014,3
450000.0,78739,2014,4
462040.0,78739,2014,5
443500.0,78739,2014,6
454250.0,78739,2014,7
454500.0,78739,2014,8
453000.0,78739,2014,9
444000.0,78739,2014,10
439000.0,78739,2014,11
440217.5,78739,2014,12
445750.0,78739,2015,1
442000.0,78739,2015,2
443995.0,78739,2015,3
459900.0,78739,2015,4
449950.0,78739,2015,5
447495.0,78739,2015,6
449950.0,78739,2015,7
443990.0,78739,2015,8
445990.0,78739,2015,9
451990.0,78739,2015,10
449900.0,78739,2015,11
454495.0,78739,2015,12
449999.0,78739,2016,1
463640.0,78739,2016,2
477152.5,78739,2016,3
449900.0,78739,2016,4
450000.0,78739,2016,5
459949.5,78739,2016,6
460000.0,78739,2016,7
465000.0,78739,2016,8
469950.0,78739,2016,9
474950.0,78739,2016,10
475000.0,78739,2016,11
474900.0,78739,2016,12
470500.0,78739,2017,1
479900.0,78739,2017,2
512500.0,78739,2017,3
509410.0,78739,2017,4
500000.0,78739,2017,5
494900.0,78739,2017,6
499950.0,78739,2017,7
499900.0,78739,2017,8
506495.0,78739,2017,9
512725.0,78739,2017,10
505990.0,78739,2017,11
497350.0,78739,2017,12
487990.0,78739,2018,1
511930.0,78739,2018,2
514990.0,78739,2018,3
511930.0,78739,2018,4
280000.0,78741,2015,10
278990.0,78741,2015,11
285000.0,78741,2015,12
280990.0,78741,2016,1
278990.0,78741,2016,2
296990.0,78741,2016,3
296990.0,78741,2016,4
278812.0,78741,2016,5
291995.0,78741,2016,6
310950.0,78741,2016,7
312000.0,78741,2016,8
316495.0,78741,2016,9
329900.0,78741,2016,10
325000.0,78741,2016,11
315000.0,78741,2016,12
309900.0,78741,2017,1
319945.0,78741,2017,2
329450.0,78741,2017,3
339900.0,78741,2017,4
329900.0,78741,2017,5
330000.0,78741,2017,6
317498.5,78741,2017,7
319000.0,78741,2017,8
326020.0,78741,2017,9
325045.0,78741,2017,10
323500.0,78741,2017,11
330000.0,78741,2017,12
338295.0,78741,2018,1
295990.0,78741,2018,2
289450.0,78741,2018,3
152945.0,78744,2013,11
156995.0,78744,2013,12
149990.0,78744,2014,1
149900.0,78744,2014,2
144000.0,78744,2014,3
150500.0,78744,2014,4
169990.0,78744,2014,5
174700.0,78744,2014,6
168990.0,78744,2014,7
175000.0,78744,2014,8
181174.0,78744,2014,9
188988.0,78744,2014,10
185752.0,78744,2014,11
187995.0,78744,2014,12
190657.5,78744,2015,1
197495.0,78744,2015,2
199000.0,78744,2015,3
199990.0,78744,2015,4
204990.0,78744,2015,5
209450.0,78744,2015,6
229485.0,78744,2015,7
230712.5,78744,2015,8
239500.0,78744,2015,9
241900.0,78744,2015,10
246900.0,78744,2015,11
262922.5,78744,2015,12
255017.5,78744,2016,1
252290.5,78744,2016,2
250967.5,78744,2016,3
241672.5,78744,2016,4
240900.0,78744,2016,5
238580.0,78744,2016,6
225000.0,78744,2016,7
233592.5,78744,2016,8
236050.0,78744,2016,9
228610.0,78744,2016,10
239000.0,78744,2016,11
240000.0,78744,2016,12
235000.0,78744,2017,1
222500.0,78744,2017,2
245250.0,78744,2017,3
250000.0,78744,2017,4
249900.0,78744,2017,5
246000.0,78744,2017,6
230000.0,78744,2017,7
238975.0,78744,2017,8
260450.0,78744,2017,9
252242.5,78744,2017,10
258995.0,78744,2017,11
261495.0,78744,2017,12
264995.0,78744,2018,1
267490.0,78744,2018,2
264990.0,78744,2018,3
267995.0,78744,2018,4
185900.0,78745,2010,1
187000.0,78745,2010,2
185900.0,78745,2010,3
182000.0,78745,2010,4
179991.0,78745,2010,5
179941.5,78745,2010,6
179900.0,78745,2010,7
179000.0,78745,2010,8
183250.0,78745,2010,9
179900.0,78745,2010,10
178950.0,78745,2010,11
178250.0,78745,2010,12
179900.0,78745,2011,1
179954.5,78745,2011,2
179909.0,78745,2011,3
175000.0,78745,2011,4
174700.0,78745,2011,5
179649.5,78745,2011,6
175000.0,78745,2011,7
174500.0,78745,2011,8
169900.0,78745,2011,9
169250.0,78745,2011,10
168900.0,78745,2011,11
165000.0,78745,2011,12
165000.0,78745,2012,1
169950.0,78745,2012,2
169900.0,78745,2012,3
179450.0,78745,2012,4
179900.0,78745,2012,5
179900.0,78745,2012,6
185000.0,78745,2012,7
183500.0,78745,2012,8
188000.0,78745,2012,9
184250.0,78745,2012,10
199900.0,78745,2012,11
205500.0,78745,2012,12
209900.0,78745,2013,1
210000.0,78745,2013,2
212000.0,78745,2013,3
219000.0,78745,2013,4
210000.0,78745,2013,5
208420.0,78745,2013,6
215000.0,78745,2013,7
215000.0,78745,2013,8
215000.0,78745,2013,9
221250.0,78745,2013,10
232990.0,78745,2013,11
239825.0,78745,2013,12
239900.0,78745,2014,1
258745.0,78745,2014,2
239900.0,78745,2014,3
239825.0,78745,2014,4
243500.0,78745,2014,5
249900.0,78745,2014,6
249950.0,78745,2014,7
259000.0,78745,2014,8
250245.0,78745,2014,9
265000.0,78745,2014,10
265000.0,78745,2014,11
256750.0,78745,2014,12
265745.0,78745,2015,1
275000.0,78745,2015,2
279000.0,78745,2015,3
290455.0,78745,2015,4
285000.0,78745,2015,5
285000.0,78745,2015,6
294500.0,78745,2015,7
289990.0,78745,2015,8
298000.0,78745,2015,9
285000.0,78745,2015,10
289500.0,78745,2015,11
299500.0,78745,2015,12
295000.0,78745,2016,1
295000.0,78745,2016,2
294900.0,78745,2016,3
295000.0,78745,2016,4
299500.0,78745,2016,5
299000.0,78745,2016,6
305339.5,78745,2016,7
300000.0,78745,2016,8
308833.0,78745,2016,9
299999.0,78745,2016,10
300893.0,78745,2016,11
306990.0,78745,2016,12
305993.0,78745,2017,1
310380.0,78745,2017,2
315000.0,78745,2017,3
314250.0,78745,2017,4
309990.0,78745,2017,5
310000.0,78745,2017,6
315990.0,78745,2017,7
316094.0,78745,2017,8
319000.0,78745,2017,9
319000.0,78745,2017,10
315000.0,78745,2017,11
315000.0,78745,2017,12
320000.0,78745,2018,1
324900.0,78745,2018,2
325000.0,78745,2018,3
329000.0,78745,2018,4
1137500.0,78746,2014,4
1200000.0,78746,2014,5
1100000.0,78746,2014,6
1090000.0,78746,2014,7
1024250.0,78746,2014,8
1050000.0,78746,2014,9
1171500.0,78746,2014,10
1171500.0,78746,2014,11
1200000.0,78746,2014,12
1087500.0,78746,2015,1
1200000.0,78746,2015,2
1125000.0,78746,2015,3
1237500.0,78746,2015,4
1225000.0,78746,2015,5
1160000.0,78746,2015,6
1200000.0,78746,2015,7
1199450.0,78746,2015,8
1149500.0,78746,2015,9
1199000.0,78746,2015,10
1174500.0,78746,2015,11
1250000.0,78746,2015,12
1287500.0,78746,2016,1
1350000.0,78746,2016,2
1495000.0,78746,2016,3
1450000.0,78746,2016,4
1350000.0,78746,2016,5
1349500.0,78746,2016,6
1312500.0,78746,2016,7
1299997.5,78746,2016,8
1299000.0,78746,2016,9
1295000.0,78746,2016,10
1299950.0,78746,2016,11
1275000.0,78746,2016,12
1299999.0,78746,2017,1
1329500.0,78746,2017,2
1287500.0,78746,2017,3
1295000.0,78746,2017,4
1299000.0,78746,2017,5
1292500.0,78746,2017,6
1252000.0,78746,2017,7
1250000.0,78746,2017,8
1350000.0,78746,2017,9
1299000.0,78746,2017,10
1372500.0,78746,2017,11
1362500.0,78746,2017,12
1299000.0,78746,2018,1
1295000.0,78746,2018,2
1299000.0,78746,2018,3
1375000.0,78746,2018,4
185000.0,78747,2010,1
189900.0,78747,2010,2
189000.0,78747,2010,3
185500.0,78747,2010,4
183232.0,78747,2010,5
180727.0,78747,2010,6
178500.0,78747,2010,7
187971.0,78747,2010,8
179000.0,78747,2010,9
176445.0,78747,2010,10
189000.0,78747,2010,11
181890.0,78747,2010,12
178500.0,78747,2011,1
182500.0,78747,2011,2
178000.0,78747,2011,3
189500.0,78747,2011,4
199000.0,78747,2011,5
183495.0,78747,2011,6
189900.0,78747,2011,7
163996.5,78747,2011,8
165225.0,78747,2011,9
154900.0,78747,2011,10
148975.0,78747,2011,11
148500.0,78747,2011,12
152447.5,78747,2012,1
153490.0,78747,2012,2
160094.0,78747,2012,3
171995.0,78747,2012,4
162995.0,78747,2012,5
163492.5,78747,2012,6
164990.0,78747,2012,7
169740.0,78747,2012,8
170995.0,78747,2012,9
176330.0,78747,2012,10
184765.0,78747,2012,11
188469.0,78747,2012,12
180405.0,78747,2013,1
186630.0,78747,2013,2
192340.5,78747,2013,3
195000.0,78747,2013,4
194840.0,78747,2013,5
195000.0,78747,2013,6
197665.0,78747,2013,7
192554.0,78747,2013,8
195990.0,78747,2013,9
202105.0,78747,2013,10
204052.5,78747,2013,11
207015.0,78747,2013,12
207432.5,78747,2014,1
207432.5,78747,2014,2
209500.0,78747,2014,3
215000.0,78747,2014,4
222900.0,78747,2014,5
224400.0,78747,2014,6
227825.0,78747,2014,7
226422.5,78747,2014,8
230650.0,78747,2014,9
230900.0,78747,2014,10
234900.0,78747,2014,11
235976.5,78747,2014,12
230414.0,78747,2015,1
238950.0,78747,2015,2
240900.0,78747,2015,3
249572.5,78747,2015,4
251240.0,78747,2015,5
254000.0,78747,2015,6
249900.0,78747,2015,7
247489.0,78747,2015,8
248714.5,78747,2015,9
240217.0,78747,2015,10
245000.0,78747,2015,11
249452.0,78747,2015,12
249999.5,78747,2016,1
244000.0,78747,2016,2
250376.5,78747,2016,3
251340.0,78747,2016,4
249900.0,78747,2016,5
269900.0,78747,2016,6
265000.0,78747,2016,7
249999.5,78747,2016,8
242160.0,78747,2016,9
249350.0,78747,2016,10
255000.0,78747,2016,11
260000.0,78747,2016,12
268500.0,78747,2017,1
281200.0,78747,2017,2
279000.0,78747,2017,3
280000.0,78747,2017,4
282900.0,78747,2017,5
282900.0,78747,2017,6
281950.0,78747,2017,7
286950.0,78747,2017,8
289950.0,78747,2017,9
278450.0,78747,2017,10
279900.0,78747,2017,11
279700.0,78747,2017,12
294400.0,78747,2018,1
300000.0,78747,2018,2
289000.0,78747,2018,3
289000.0,78747,2018,4
189900.0,78748,2010,1
190000.0,78748,2010,2
188445.0,78748,2010,3
188600.0,78748,2010,4
189900.0,78748,2010,5
184900.0,78748,2010,6
182800.0,78748,2010,7
179990.0,78748,2010,8
188500.0,78748,2010,9
189304.5,78748,2010,10
185372.0,78748,2010,11
188777.0,78748,2010,12
189100.0,78748,2011,1
187900.0,78748,2011,2
186350.0,78748,2011,3
188014.5,78748,2011,4
187664.5,78748,2011,5
190691.5,78748,2011,6
194318.0,78748,2011,7
192900.0,78748,2011,8
188000.0,78748,2011,9
187444.0,78748,2011,10
187422.0,78748,2011,11
185000.0,78748,2011,12
187322.0,78748,2012,1
188000.0,78748,2012,2
187486.5,78748,2012,3
193000.0,78748,2012,4
192500.0,78748,2012,5
193507.5,78748,2012,6
194770.0,78748,2012,7
194900.0,78748,2012,8
185000.0,78748,2012,9
179945.0,78748,2012,10
189900.0,78748,2012,11
194900.0,78748,2012,12
202000.0,78748,2013,1
208500.0,78748,2013,2
214950.0,78748,2013,3
210150.0,78748,2013,4
215000.0,78748,2013,5
224350.0,78748,2013,6
225000.0,78748,2013,7
220000.0,78748,2013,8
223990.0,78748,2013,9
229990.0,78748,2013,10
244900.0,78748,2013,11
255000.0,78748,2013,12
255000.0,78748,2014,1
246494.0,78748,2014,2
238500.0,78748,2014,3
239900.0,78748,2014,4
243200.0,78748,2014,5
245000.0,78748,2014,6
237999.0,78748,2014,7
250000.0,78748,2014,8
250000.0,78748,2014,9
252500.0,78748,2014,10
249900.0,78748,2014,11
249950.0,78748,2014,12
255050.0,78748,2015,1
259990.0,78748,2015,2
260990.0,78748,2015,3
266445.0,78748,2015,4
265000.0,78748,2015,5
268817.5,78748,2015,6
270000.0,78748,2015,7
275000.0,78748,2015,8
280990.0,78748,2015,9
279900.0,78748,2015,10
275990.0,78748,2015,11
275990.0,78748,2015,12
279495.0,78748,2016,1
287445.0,78748,2016,2
287945.0,78748,2016,3
285995.0,78748,2016,4
296990.0,78748,2016,5
310000.0,78748,2016,6
306412.5,78748,2016,7
303945.0,78748,2016,8
290999.5,78748,2016,9
285000.0,78748,2016,10
279945.0,78748,2016,11
279900.0,78748,2016,12
275500.0,78748,2017,1
276900.0,78748,2017,2
284700.0,78748,2017,3
285869.5,78748,2017,4
299000.0,78748,2017,5
290000.5,78748,2017,6
293000.0,78748,2017,7
299900.0,78748,2017,8
292995.0,78748,2017,9
289900.0,78748,2017,10
295020.0,78748,2017,11
296990.0,78748,2017,12
299990.0,78748,2018,1
300000.0,78748,2018,2
309995.0,78748,2018,3
310000.0,78748,2018,4
239000.0,78749,2010,1
239966.5,78749,2010,2
240000.0,78749,2010,3
239900.0,78749,2010,4
239000.0,78749,2010,5
237102.0,78749,2010,6
236100.0,78749,2010,7
237950.0,78749,2010,8
235000.0,78749,2010,9
234900.0,78749,2010,10
229999.5,78749,2010,11
235000.0,78749,2010,12
235000.0,78749,2011,1
236200.0,78749,2011,2
237900.0,78749,2011,3
238450.0,78749,2011,4
239900.0,78749,2011,5
239000.0,78749,2011,6
231850.0,78749,2011,7
229957.0,78749,2011,8
235000.0,78749,2011,9
229950.0,78749,2011,10
235000.0,78749,2011,11
228950.0,78749,2011,12
239900.0,78749,2012,1
234950.0,78749,2012,2
239700.0,78749,2012,3
239950.0,78749,2012,4
245000.0,78749,2012,5
249900.0,78749,2012,6
259945.0,78749,2012,7
259000.0,78749,2012,8
248950.0,78749,2012,9
244900.0,78749,2012,10
249900.0,78749,2012,11
259900.0,78749,2012,12
250000.0,78749,2013,1
245000.0,78749,2013,2
269900.0,78749,2013,3
265000.0,78749,2013,4
272450.0,78749,2013,5
275000.0,78749,2013,6
275000.0,78749,2013,7
279950.0,78749,2013,8
284900.0,78749,2013,9
284950.0,78749,2013,10
280000.0,78749,2013,11
275000.0,78749,2013,12
286950.0,78749,2014,1
299949.5,78749,2014,2
311500.0,78749,2014,3
314000.0,78749,2014,4
317247.5,78749,2014,5
329900.0,78749,2014,6
320000.0,78749,2014,7
324950.0,78749,2014,8
320000.0,78749,2014,9
312900.0,78749,2014,10
315000.0,78749,2014,11
329950.0,78749,2014,12
329000.0,78749,2015,1
320000.0,78749,2015,2
320000.0,78749,2015,3
324900.0,78749,2015,4
332000.0,78749,2015,5
330000.0,78749,2015,6
339000.0,78749,2015,7
334950.0,78749,2015,8
324900.0,78749,2015,9
325000.0,78749,2015,10
320000.0,78749,2015,11
329900.0,78749,2015,12
335000.0,78749,2016,1
344950.0,78749,2016,2
339900.0,78749,2016,3
341200.0,78749,2016,4
339000.0,78749,2016,5
340000.0,78749,2016,6
349600.0,78749,2016,7
349750.0,78749,2016,8
349750.0,78749,2016,9
347300.0,78749,2016,10
350000.0,78749,2016,11
349600.0,78749,2016,12
359900.0,78749,2017,1
359900.0,78749,2017,2
369000.0,78749,2017,3
379000.0,78749,2017,4
380000.0,78749,2017,5
367450.0,78749,2017,6
365000.0,78749,2017,7
366950.0,78749,2017,8
368250.0,78749,2017,9
370000.0,78749,2017,10
369450.0,78749,2017,11
365000.0,78749,2017,12
364975.0,78749,2018,1
375000.0,78749,2018,2
375000.0,78749,2018,3
382499.5,78749,2018,4
455000.0,78750,2016,9
442500.0,78750,2016,10
439249.5,78750,2016,11
439000.0,78750,2016,12
414900.0,78750,2017,1
465000.0,78750,2017,2
484950.0,78750,2017,3
489900.0,78750,2017,4
489949.5,78750,2017,5
477350.0,78750,2017,6
450000.0,78750,2017,7
424950.0,78750,2017,8
409475.0,78750,2017,9
399950.0,78750,2017,10
419000.0,78750,2017,11
372350.0,78750,2017,12
399000.0,78750,2018,1
399000.0,78750,2018,2
400000.0,78750,2018,3
399000.0,78750,2018,4
459445.0,78751,2015,2
449000.0,78751,2015,3
421450.0,78751,2015,4
456950.0,78751,2015,5
449500.0,78751,2015,6
425000.0,78751,2015,7
399990.0,78751,2015,8
449000.0,78751,2015,9
477450.0,78751,2015,10
469000.0,78751,2015,11
469000.0,78751,2015,12
419000.0,78751,2016,1
420000.0,78751,2016,2
399499.5,78751,2016,3
399999.0,78751,2016,4
418700.0,78751,2016,5
449000.0,78751,2016,6
440000.0,78751,2016,7
450000.0,78751,2016,8
449950.0,78751,2016,9
435000.0,78751,2016,10
448500.0,78751,2016,11
449500.0,78751,2016,12
445000.0,78751,2017,1
429500.0,78751,2017,2
454450.0,78751,2017,3
464950.0,78751,2017,4
472000.0,78751,2017,5
450000.0,78751,2017,6
472000.0,78751,2017,7
454500.0,78751,2017,8
450000.0,78751,2017,9
427000.0,78751,2017,10
449000.0,78751,2017,11
450000.0,78751,2017,12
400000.0,78751,2018,1
415000.0,78751,2018,2
427000.0,78751,2018,3
449900.0,78751,2018,4
329000.0,78752,2016,4
329000.0,78752,2016,5
329500.0,78752,2016,6
325000.0,78752,2016,7
299900.0,78752,2016,8
325000.0,78752,2016,9
335000.0,78752,2016,10
322500.0,78752,2016,11
329000.0,78752,2016,12
320000.0,78752,2017,1
309900.0,78752,2017,2
299999.5,78752,2017,3
282000.0,78752,2017,4
269900.0,78752,2017,5
272450.0,78752,2017,6
275000.0,78752,2017,7
289700.0,78752,2017,8
310000.0,78752,2017,9
279900.0,78752,2017,10
299900.0,78752,2017,11
287000.0,78752,2017,12
285000.0,78752,2018,1
299450.0,78752,2018,2
345000.0,78752,2018,3
350000.0,78752,2018,4
157900.0,78753,2013,11
170000.0,78753,2013,12
170000.0,78753,2014,1
191475.5,78753,2014,2
170000.0,78753,2014,3
190000.0,78753,2014,4
197500.0,78753,2014,5
194900.0,78753,2014,6
210000.0,78753,2014,7
229447.5,78753,2014,8
229900.0,78753,2014,9
211500.0,78753,2014,10
203500.0,78753,2014,11
179900.0,78753,2014,12
189250.0,78753,2015,1
206450.0,78753,2015,2
199900.0,78753,2015,3
224500.0,78753,2015,4
226950.0,78753,2015,5
217450.0,78753,2015,6
220000.0,78753,2015,7
219500.0,78753,2015,8
238997.0,78753,2015,9
232947.5,78753,2015,10
229900.0,78753,2015,11
224950.0,78753,2015,12
215000.0,78753,2016,1
223950.0,78753,2016,2
249947.5,78753,2016,3
249900.0,78753,2016,4
245000.0,78753,2016,5
245000.0,78753,2016,6
250000.0,78753,2016,7
260995.0,78753,2016,8
264994.5,78753,2016,9
261990.0,78753,2016,10
261422.5,78753,2016,11
256995.0,78753,2016,12
256492.5,78753,2017,1
256990.0,78753,2017,2
257995.0,78753,2017,3
249900.0,78753,2017,4
250000.0,78753,2017,5
257995.0,78753,2017,6
262995.0,78753,2017,7
259495.0,78753,2017,8
260500.0,78753,2017,9
259997.5,78753,2017,10
260997.5,78753,2017,11
265000.0,78753,2017,12
265000.0,78753,2018,1
265000.0,78753,2018,2
267450.0,78753,2018,3
273000.0,78753,2018,4
164925.0,78754,2010,1
166100.0,78754,2010,2
168000.0,78754,2010,3
165950.0,78754,2010,4
166578.0,78754,2010,5
165000.0,78754,2010,6
163000.0,78754,2010,7
164450.0,78754,2010,8
160000.0,78754,2010,9
159900.0,78754,2010,10
159990.0,78754,2010,11
159945.0,78754,2010,12
160150.0,78754,2011,1
160300.0,78754,2011,2
160000.0,78754,2011,3
162150.0,78754,2011,4
163100.0,78754,2011,5
159990.0,78754,2011,6
158945.0,78754,2011,7
155000.0,78754,2011,8
151600.0,78754,2011,9
149900.0,78754,2011,10
147125.0,78754,2011,11
147512.5,78754,2011,12
147000.0,78754,2012,1
146990.0,78754,2012,2
146990.0,78754,2012,3
144000.0,78754,2012,4
144900.0,78754,2012,5
149995.0,78754,2012,6
151997.5,78754,2012,7
159990.0,78754,2012,8
152000.0,78754,2012,9
149995.0,78754,2012,10
155995.0,78754,2012,11
155900.0,78754,2012,12
156995.0,78754,2013,1
160000.0,78754,2013,2
164990.0,78754,2013,3
170447.5,78754,2013,4
175492.5,78754,2013,5
178990.0,78754,2013,6
178995.0,78754,2013,7
180445.0,78754,2013,8
179900.0,78754,2013,9
179000.0,78754,2013,10
179990.0,78754,2013,11
184900.0,78754,2013,12
184995.0,78754,2014,1
185995.0,78754,2014,2
187995.0,78754,2014,3
189997.5,78754,2014,4
191995.0,78754,2014,5
192047.5,78754,2014,6
195450.0,78754,2014,7
199979.0,78754,2014,8
197372.5,78754,2014,9
196377.0,78754,2014,10
199900.0,78754,2014,11
209900.0,78754,2014,12
208495.0,78754,2015,1
209947.5,78754,2015,2
211495.0,78754,2015,3
215000.0,78754,2015,4
210000.0,78754,2015,5
208000.0,78754,2015,6
214900.0,78754,2015,7
210000.0,78754,2015,8
214616.0,78754,2015,9
218990.0,78754,2015,10
226185.0,78754,2015,11
226185.0,78754,2015,12
228990.0,78754,2016,1
227497.5,78754,2016,2
230912.5,78754,2016,3
238100.0,78754,2016,4
238000.0,78754,2016,5
239900.0,78754,2016,6
239900.0,78754,2016,7
239990.0,78754,2016,8
244950.0,78754,2016,9
239900.0,78754,2016,10
239000.0,78754,2016,11
240000.0,78754,2016,12
249900.0,78754,2017,1
249900.0,78754,2017,2
257490.0,78754,2017,3
264350.0,78754,2017,4
271252.5,78754,2017,5
263745.0,78754,2017,6
254937.5,78754,2017,7
255000.0,78754,2017,8
255000.0,78754,2017,9
259990.0,78754,2017,10
259900.0,78754,2017,11
259990.0,78754,2017,12
259900.0,78754,2018,1
255990.0,78754,2018,2
259900.0,78754,2018,3
260495.0,78754,2018,4
227000.0,78757,2010,1
228500.0,78757,2010,2
229000.0,78757,2010,3
235000.0,78757,2010,4
235500.0,78757,2010,5
239000.0,78757,2010,6
235000.0,78757,2010,7
239000.0,78757,2010,8
233750.0,78757,2010,9
229000.0,78757,2010,10
226000.0,78757,2010,11
225000.0,78757,2010,12
229900.0,78757,2011,1
229975.0,78757,2011,2
241200.0,78757,2011,3
249541.5,78757,2011,4
244900.0,78757,2011,5
249900.0,78757,2011,6
239947.5,78757,2011,7
235750.0,78757,2011,8
239450.0,78757,2011,9
239000.0,78757,2011,10
239900.0,78757,2011,11
239900.0,78757,2011,12
231000.0,78757,2012,1
243500.0,78757,2012,2
246250.0,78757,2012,3
244499.5,78757,2012,4
238750.0,78757,2012,5
244250.0,78757,2012,6
239000.0,78757,2012,7
236000.0,78757,2012,8
247450.0,78757,2012,9
249900.0,78757,2012,10
263450.0,78757,2012,11
254900.0,78757,2012,12
245000.0,78757,2013,1
269900.0,78757,2013,2
264450.0,78757,2013,3
283750.0,78757,2013,4
299000.0,78757,2013,5
295000.0,78757,2013,6
299950.0,78757,2013,7
280000.0,78757,2013,8
285000.0,78757,2013,9
299500.0,78757,2013,10
307500.0,78757,2013,11
312000.0,78757,2013,12
299900.0,78757,2014,1
289900.0,78757,2014,2
320000.0,78757,2014,3
353700.0,78757,2014,4
324900.0,78757,2014,5
350000.0,78757,2014,6
350000.0,78757,2014,7
375000.0,78757,2014,8
408950.0,78757,2014,9
374950.0,78757,2014,10
375000.0,78757,2014,11
375000.0,78757,2014,12
361200.0,78757,2015,1
377000.0,78757,2015,2
397000.0,78757,2015,3
395000.0,78757,2015,4
388509.0,78757,2015,5
396000.0,78757,2015,6
363950.0,78757,2015,7
385000.0,78757,2015,8
377500.0,78757,2015,9
375000.0,78757,2015,10
369000.0,78757,2015,11
382990.0,78757,2015,12
389900.0,78757,2016,1
422200.0,78757,2016,2
419000.0,78757,2016,3
424900.0,78757,2016,4
417450.0,78757,2016,5
436950.0,78757,2016,6
439450.0,78757,2016,7
449450.0,78757,2016,8
439450.0,78757,2016,9
425000.0,78757,2016,10
427000.0,78757,2016,11
425000.0,78757,2016,12
421111.0,78757,2017,1
419900.0,78757,2017,2
425000.0,78757,2017,3
458687.0,78757,2017,4
469945.0,78757,2017,5
472450.0,78757,2017,6
464900.0,78757,2017,7
435850.0,78757,2017,8
425000.0,78757,2017,9
416979.0,78757,2017,10
418000.0,78757,2017,11
415000.0,78757,2017,12
415000.0,78757,2018,1
412500.0,78757,2018,2
407450.0,78757,2018,3
415900.0,78757,2018,4
284500.0,78758,2017,4
249939.0,78758,2017,5
255000.0,78758,2017,6
244949.5,78758,2017,7
229900.0,78758,2017,8
244874.5,78758,2017,9
225000.0,78758,2017,10
258000.0,78758,2017,11
269000.0,78758,2017,12
287000.0,78758,2018,1
300000.0,78758,2018,2
300000.0,78758,2018,3
307500.0,78758,2018,4
274900.0,78759,2010,1
254965.0,78759,2010,2
269900.0,78759,2010,3
277000.0,78759,2010,4
289900.0,78759,2010,5
278225.0,78759,2010,6
275900.0,78759,2010,7
293000.0,78759,2010,8
265990.0,78759,2010,9
255990.0,78759,2010,10
252990.0,78759,2010,11
247750.0,78759,2010,12
258500.0,78759,2011,1
267000.0,78759,2011,2
271950.0,78759,2011,3
289000.0,78759,2011,4
291000.0,78759,2011,5
310000.0,78759,2011,6
309900.0,78759,2011,7
294500.0,78759,2011,8
299250.0,78759,2011,9
299500.0,78759,2011,10
302495.0,78759,2011,11
279900.0,78759,2011,12
279900.0,78759,2012,1
269500.0,78759,2012,2
273000.0,78759,2012,3
290000.0,78759,2012,4
289450.0,78759,2012,5
277450.0,78759,2012,6
274999.0,78759,2012,7
279000.0,78759,2012,8
302450.0,78759,2012,9
294450.0,78759,2012,10
309900.0,78759,2012,11
329900.0,78759,2012,12
356200.0,78759,2013,1
385000.0,78759,2013,2
349900.0,78759,2013,3
349945.0,78759,2013,4
350000.0,78759,2013,5
346500.0,78759,2013,6
348000.0,78759,2013,7
370000.0,78759,2013,8
380500.0,78759,2013,9
377500.0,78759,2013,10
379694.0,78759,2013,11
390000.0,78759,2013,12
377000.0,78759,2014,1
369888.0,78759,2014,2
377000.0,78759,2014,3
350000.0,78759,2014,4
359500.0,78759,2014,5
407500.0,78759,2014,6
399500.0,78759,2014,7
430000.0,78759,2014,8
459000.0,78759,2014,9
409000.0,78759,2014,10
384250.0,78759,2014,11
429999.0,78759,2014,12
450000.0,78759,2015,1
419500.0,78759,2015,2
419000.0,78759,2015,3
414500.0,78759,2015,4
460000.0,78759,2015,5
472000.0,78759,2015,6
425000.0,78759,2015,7
429950.0,78759,2015,8
499900.0,78759,2015,9
450250.0,78759,2015,10
441250.0,78759,2015,11
499000.0,78759,2015,12
442250.0,78759,2016,1
425000.0,78759,2016,2
449900.0,78759,2016,3
459000.0,78759,2016,4
459900.0,78759,2016,5
499900.0,78759,2016,6
469000.0,78759,2016,7
465000.0,78759,2016,8
449900.0,78759,2016,9
449000.0,78759,2016,10
454950.0,78759,2016,11
440000.0,78759,2016,12
449000.0,78759,2017,1
469900.0,78759,2017,2
499900.0,78759,2017,3
499900.0,78759,2017,4
469850.0,78759,2017,5
443950.0,78759,2017,6
425000.0,78759,2017,7
425000.0,78759,2017,8
425000.0,78759,2017,9
444900.0,78759,2017,10
434950.0,78759,2017,11
425000.0,78759,2017,12
419900.0,78759,2018,1
420000.0,78759,2018,2
435000.0,78759,2018,3
432500.0,78759,2018,4
