Median Listing Price Per sqf,Zip Code,Year,Month
342.53080012391,78701,2010,1
342.24528659928,78701,2010,2
339.80362537764,78701,2010,3
330.22081462779,78701,2010,4
332.04508856683,78701,2010,5
329.46758039009,78701,2010,6
327.64110538771,78701,2010,7
331.97368421053,78701,2010,8
331.47459727385,78701,2010,9
332.55465849226,78701,2010,10
327.51842751843,78701,2010,11
329.02363683614,78701,2010,12
319.23885618167,78701,2011,1
318.96551724138,78701,2011,2
306.12485276796,78701,2011,3
316.21201365649,78701,2011,4
317.57009345794,78701,2011,5
325.81648522551,78701,2011,6
326.51632970451,78701,2011,7
342.97219500245,78701,2011,8
349.05913978495,78701,2011,9
351.28617363344,78701,2011,10
348.40281774067,78701,2011,11
329.67032967033,78701,2011,12
329.81041235992,78701,2012,1
327.61692858109,78701,2012,2
330.68783068783,78701,2012,3
346.82860998651,78701,2012,4
375.37097127286,78701,2012,5
380.81086092974,78701,2012,6
388.49760768559,78701,2012,7
359.87022572688,78701,2012,8
379.86666666667,78701,2012,9
379.86666666667,78701,2012,10
383.85041580324,78701,2012,11
398.44317737157,78701,2012,12
403.17834020012,78701,2013,1
386.51202749141,78701,2013,2
392.97272306981,78701,2013,3
399.52978056426,78701,2013,4
411.09625668449,78701,2013,5
408.02072066944,78701,2013,6
396.64713323909,78701,2013,7
413.58024691358,78701,2013,8
401.51157298063,78701,2013,9
404.75941274646,78701,2013,10
406.07054963084,78701,2013,11
412.71269417026,78701,2013,12
429.08788205203,78701,2014,1
495.6550802139,78701,2014,2
484.38458841062,78701,2014,3
463.3573491605,78701,2014,4
498.93819459006,78701,2014,5
496.76072674634,78701,2014,6
514.77170993733,78701,2014,7
489.10601668941,78701,2014,8
517.41293532338,78701,2014,9
524.61508514007,78701,2014,10
484.63278105154,78701,2014,11
493.28947368421,78701,2014,12
535.59859612635,78701,2015,1
491.19638826185,78701,2015,2
487.08920187793,78701,2015,3
504.18929402638,78701,2015,4
510.64668769716,78701,2015,5
518.12334384858,78701,2015,6
517.68534285064,78701,2015,7
496.82676841357,78701,2015,8
525.9623992838,78701,2015,9
516.42817655015,78701,2015,10
491.30079681275,78701,2015,11
489.16213081944,78701,2015,12
516.60026560425,78701,2016,1
522.61194766205,78701,2016,2
522.38805970149,78701,2016,3
516.60026560425,78701,2016,4
541.01838755304,78701,2016,5
530.50828432822,78701,2016,6
522.11302211302,78701,2016,7
550.86498797925,78701,2016,8
583.98220244716,78701,2016,9
611.79782363667,78701,2016,10
580.66612360496,78701,2016,11
578.87634712522,78701,2016,12
587.08080849459,78701,2017,1
567.28580621202,78701,2017,2
601.70195324152,78701,2017,3
608.62434191436,78701,2017,4
582.45786192565,78701,2017,5
579.2349726776,78701,2017,6
601.48872180451,78701,2017,7
602.5974025974,78701,2017,8
181.40829608719,78702,2010,1
181.43696581197,78702,2010,2
180.40329768271,78702,2010,3
185.55601478726,78702,2010,4
191.80895685766,78702,2010,5
189.15343915344,78702,2010,6
190.94881531114,78702,2010,7
185.81252129377,78702,2010,8
187.03868240284,78702,2010,9
183.86877969492,78702,2010,10
180.94308244263,78702,2010,11
186.84720942891,78702,2010,12
183.95133256083,78702,2011,1
181.29909237298,78702,2011,2
180.16779469825,78702,2011,3
178.57142857143,78702,2011,4
177.82719186785,78702,2011,5
178.82689556509,78702,2011,6
185.03086419753,78702,2011,7
178.62595419847,78702,2011,8
173.88792130302,78702,2011,9
174.82219061166,78702,2011,10
174.82219061166,78702,2011,11
176.89889994762,78702,2011,12
178.17011202217,78702,2012,1
176.89889994762,78702,2012,2
182.77200838415,78702,2012,3
178.52850274725,78702,2012,4
186.36363636364,78702,2012,5
188.94736842105,78702,2012,6
191.29287598945,78702,2012,7
198.72159090909,78702,2012,8
203.25352526439,78702,2012,9
207.72727272727,78702,2012,10
209.09081326889,78702,2012,11
207.97697368421,78702,2012,12
208.79732739421,78702,2013,1
220.13823344345,78702,2013,2
225.0,78702,2013,3
228.58411635228,78702,2013,4
230.15873015873,78702,2013,5
228.24459455473,78702,2013,6
234.70243084661,78702,2013,7
254.09836065574,78702,2013,8
262.7026012934,78702,2013,9
261.6366133894,78702,2013,10
251.14155251142,78702,2013,11
258.82291666667,78702,2013,12
250.63414179322,78702,2014,1
253.66403607666,78702,2014,2
254.18121009425,78702,2014,3
268.125,78702,2014,4
270.43269230769,78702,2014,5
300.33524904215,78702,2014,6
286.63793103448,78702,2014,7
292.4771167048,78702,2014,8
297.0297029703,78702,2014,9
290.5701754386,78702,2014,10
290.5701754386,78702,2014,11
282.00389105058,78702,2014,12
297.1782435542,78702,2015,1
295.97039473684,78702,2015,2
298.24588766135,78702,2015,3
318.91025641026,78702,2015,4
315.474030318,78702,2015,5
321.26985327008,78702,2015,6
318.3446080382,78702,2015,7
322.8305785124,78702,2015,8
319.42870429278,78702,2015,9
302.84552845528,78702,2015,10
309.84577922078,78702,2015,11
313.05903398927,78702,2015,12
319.64901345153,78702,2016,1
332.10194952942,78702,2016,2
333.33333333333,78702,2016,3
324.30908065426,78702,2016,4
325.44282861542,78702,2016,5
331.74138977393,78702,2016,6
320.55095609233,78702,2016,7
317.95596588904,78702,2016,8
320.94594594595,78702,2016,9
321.20740498034,78702,2016,10
331.98869622979,78702,2016,11
340.82399538065,78702,2016,12
348.56700232378,78702,2017,1
344.20289855073,78702,2017,2
344.55298608508,78702,2017,3
344.84367708819,78702,2017,4
351.70717592593,78702,2017,5
354.27491733585,78702,2017,6
368.14556331007,78702,2017,7
365.83430685358,78702,2017,8
354.43727810651,78702,2017,9
342.25589225589,78702,2017,10
339.24935569799,78702,2017,11
341.82692307692,78702,2017,12
350.11529964098,78702,2018,1
362.0,78702,2018,2
360.89577950043,78702,2018,3
369.7439511393,78702,2018,4
269.60641399417,78703,2010,1
271.96793457009,78703,2010,2
277.27517501346,78703,2010,3
279.24720244151,78703,2010,4
280.28169014085,78703,2010,5
275.51228277087,78703,2010,6
272.60692405296,78703,2010,7
278.59135285913,78703,2010,8
272.8622327791,78703,2010,9
269.93619322488,78703,2010,10
272.39231966788,78703,2010,11
264.6759381989,78703,2010,12
264.09232134931,78703,2011,1
263.71308016878,78703,2011,2
275.32493610807,78703,2011,3
277.77777777778,78703,2011,4
279.97729389406,78703,2011,5
278.02187072837,78703,2011,6
278.38897792367,78703,2011,7
274.71656014087,78703,2011,8
284.09090909091,78703,2011,9
283.69545454545,78703,2011,10
287.48975171911,78703,2011,11
284.46900694074,78703,2011,12
277.91771374568,78703,2012,1
280.42364479424,78703,2012,2
275.24743928176,78703,2012,3
270.20592020592,78703,2012,4
287.91603395484,78703,2012,5
288.33839010456,78703,2012,6
285.81480838947,78703,2012,7
288.94644907832,78703,2012,8
294.89795918367,78703,2012,9
300.27855153203,78703,2012,10
309.0401515204,78703,2012,11
309.0401515204,78703,2012,12
316.23949420449,78703,2013,1
321.61036557149,78703,2013,2
317.74144716924,78703,2013,3
317.78335544829,78703,2013,4
317.31356195518,78703,2013,5
338.39556737684,78703,2013,6
340.6121477856,78703,2013,7
341.25513394559,78703,2013,8
348.7984496124,78703,2013,9
349.71390104342,78703,2013,10
360.25786879029,78703,2013,11
345.36891679749,78703,2013,12
343.85813148789,78703,2014,1
342.29258713795,78703,2014,2
346.13333333333,78703,2014,3
361.33415688697,78703,2014,4
364.20553167944,78703,2014,5
391.54028560199,78703,2014,6
362.61040235525,78703,2014,7
355.06778566817,78703,2014,8
375.84070289917,78703,2014,9
359.83379501385,78703,2014,10
378.87438825449,78703,2014,11
375.86966701788,78703,2014,12
387.9979306777,78703,2015,1
393.71772805508,78703,2015,2
418.08149405773,78703,2015,3
420.83669271905,78703,2015,4
408.47929058336,78703,2015,5
405.90405904059,78703,2015,6
407.15371019256,78703,2015,7
402.60663507109,78703,2015,8
410.50197640665,78703,2015,9
410.8989729225,78703,2015,10
407.14285714286,78703,2015,11
420.37302725968,78703,2015,12
427.70481927711,78703,2016,1
419.19961886613,78703,2016,2
415.36144578313,78703,2016,3
418.13994835343,78703,2016,4
411.52263374486,78703,2016,5
427.00284668565,78703,2016,6
434.4113372093,78703,2016,7
432.61175444274,78703,2016,8
433.89095005333,78703,2016,9
440.0,78703,2016,10
441.79792547061,78703,2016,11
434.375,78703,2016,12
432.84978942443,78703,2017,1
429.24037460978,78703,2017,2
440.8284116711,78703,2017,3
446.1275931296,78703,2017,4
444.83910602332,78703,2017,5
449.73544973545,78703,2017,6
440.48595771537,78703,2017,7
418.34429220607,78703,2017,8
438.35282651072,78703,2017,9
433.08333333333,78703,2017,10
412.28070175439,78703,2017,11
418.03097952971,78703,2017,12
428.35507828181,78703,2018,1
435.57833089312,78703,2018,2
439.52180028129,78703,2018,3
433.61188486537,78703,2018,4
229.78464822244,78704,2010,1
228.84615384615,78704,2010,2
225.42316454335,78704,2010,3
225.7376466406,78704,2010,4
229.86193346692,78704,2010,5
227.21962616822,78704,2010,6
226.8424951445,78704,2010,7
227.89676002197,78704,2010,8
225.13713697443,78704,2010,9
223.74337715856,78704,2010,10
219.54964176049,78704,2010,11
218.48739495798,78704,2010,12
222.65625,78704,2011,1
219.33001033659,78704,2011,2
222.46736550633,78704,2011,3
220.77101979689,78704,2011,4
221.16065109696,78704,2011,5
222.65376332791,78704,2011,6
225.09610104338,78704,2011,7
224.24175407557,78704,2011,8
231.25199362041,78704,2011,9
229.71094327079,78704,2011,10
225.23637716333,78704,2011,11
221.78530102587,78704,2011,12
214.79292337056,78704,2012,1
227.12185870081,78704,2012,2
232.64699532964,78704,2012,3
232.19453573356,78704,2012,4
241.37846131517,78704,2012,5
241.5611814346,78704,2012,6
236.21174430635,78704,2012,7
230.16351118761,78704,2012,8
231.87250996016,78704,2012,9
236.18789939899,78704,2012,10
240.38461538461,78704,2012,11
237.41963137591,78704,2012,12
241.92193675889,78704,2013,1
236.9265532432,78704,2013,2
250.43366034228,78704,2013,3
252.23214285714,78704,2013,4
258.01011804385,78704,2013,5
258.6143393691,78704,2013,6
269.04761904762,78704,2013,7
269.04761904762,78704,2013,8
264.38617698317,78704,2013,9
264.2872168941,78704,2013,10
273.03182579564,78704,2013,11
276.6952259779,78704,2013,12
267.56926952141,78704,2014,1
276.39561707036,78704,2014,2
293.53454429594,78704,2014,3
298.85730997597,78704,2014,4
289.67966221683,78704,2014,5
294.40500050474,78704,2014,6
286.01694915254,78704,2014,7
289.08661854525,78704,2014,8
290.0,78704,2014,9
290.0,78704,2014,10
291.54760745094,78704,2014,11
294.68188459525,78704,2014,12
295.16111898017,78704,2015,1
298.5401459854,78704,2015,2
304.68880645026,78704,2015,3
318.49420095907,78704,2015,4
316.70930791193,78704,2015,5
330.68783068783,78704,2015,6
314.54106056395,78704,2015,7
316.56848306333,78704,2015,8
325.56002250093,78704,2015,9
331.87056552404,78704,2015,10
328.72928176796,78704,2015,11
338.17594834544,78704,2015,12
334.12876302981,78704,2016,1
349.58041958042,78704,2016,2
346.4656964657,78704,2016,3
345.26159921027,78704,2016,4
347.22222222222,78704,2016,5
350.36518911454,78704,2016,6
354.1417198346,78704,2016,7
347.90480850359,78704,2016,8
351.51876456499,78704,2016,9
357.54475703325,78704,2016,10
355.39215686275,78704,2016,11
362.66531508106,78704,2016,12
363.76155044316,78704,2017,1
364.11119955478,78704,2017,2
374.51075494554,78704,2017,3
375.37221547892,78704,2017,4
371.26185266229,78704,2017,5
364.76868327402,78704,2017,6
366.01517655079,78704,2017,7
367.32957431677,78704,2017,8
376.8216080402,78704,2017,9
387.33407079646,78704,2017,10
383.54912437624,78704,2017,11
373.78954163977,78704,2017,12
377.28416518122,78704,2018,1
385.8122238041,78704,2018,2
393.32723830273,78704,2018,3
389.67611336032,78704,2018,4
290.31042260209,78705,2014,12
271.58144790718,78705,2015,1
278.7610619469,78705,2015,2
279.13956711803,78705,2015,3
280.0,78705,2015,4
280.20942408377,78705,2015,5
265.67164179104,78705,2015,6
272.43279569893,78705,2015,7
269.93443316413,78705,2015,8
283.16616704533,78705,2015,9
283.14251520048,78705,2015,10
277.91878172589,78705,2015,11
281.18889323426,78705,2015,12
282.82876064333,78705,2016,1
301.50829562594,78705,2016,2
302.59267698963,78705,2016,3
308.56481481482,78705,2016,4
306.12093658407,78705,2016,5
314.31334622824,78705,2016,6
324.67532467532,78705,2016,7
326.65417402836,78705,2016,8
339.54837582016,78705,2016,9
334.75882688468,78705,2016,10
340.27777777778,78705,2016,11
337.58010815804,78705,2016,12
336.53846153846,78705,2017,1
341.28014963637,78705,2017,2
338.35740072202,78705,2017,3
337.28733997155,78705,2017,4
333.84476534296,78705,2017,5
335.89419424851,78705,2017,6
338.5770173454,78705,2017,7
338.61236802413,78705,2017,8
346.70231729055,78705,2017,9
345.85226567028,78705,2017,10
344.3487621098,78705,2017,11
348.43312937063,78705,2017,12
342.96298356886,78705,2018,1
338.00986919218,78705,2018,2
338.0,78705,2018,3
345.36363636364,78705,2018,4
100.51667449507,78717,2010,1
103.0661896357,78717,2010,2
103.69702434626,78717,2010,3
104.53434699973,78717,2010,4
104.53434699973,78717,2010,5
102.82295548996,78717,2010,6
101.05757931845,78717,2010,7
99.83498349835,78717,2010,8
101.0548529787,78717,2010,9
102.8175313059,78717,2010,10
103.86819484241,78717,2010,11
102.41082666983,78717,2010,12
102.41082666983,78717,2011,1
102.29346853564,78717,2011,2
101.98550724638,78717,2011,3
101.10109342168,78717,2011,4
100.24650780608,78717,2011,5
101.47945288158,78717,2011,6
101.26635711271,78717,2011,7
99.82124614368,78717,2011,8
98.3726383872,78717,2011,9
99.579547166968,78717,2011,10
100.390625,78717,2011,11
101.37981509908,78717,2011,12
103.08544303797,78717,2012,1
105.45886075949,78717,2012,2
103.8961038961,78717,2012,3
105.40508071132,78717,2012,4
106.95497102095,78717,2012,5
106.54885654886,78717,2012,6
106.36778115501,78717,2012,7
109.40828402367,78717,2012,8
109.03523740544,78717,2012,9
110.34482758621,78717,2012,10
112.68165934366,78717,2012,11
115.24358302776,78717,2012,12
116.83472161333,78717,2013,1
118.39865863169,78717,2013,2
119.38360386512,78717,2013,3
121.16136236739,78717,2013,4
120.65517241379,78717,2013,5
123.13591819344,78717,2013,6
124.40758293839,78717,2013,7
125.29832935561,78717,2013,8
126.07277458496,78717,2013,9
128.23159948728,78717,2013,10
131.15755516756,78717,2013,11
134.37631720851,78717,2013,12
134.81671910755,78717,2014,1
136.64596273292,78717,2014,2
136.79372604731,78717,2014,3
135.39878353853,78717,2014,4
137.18622300058,78717,2014,5
135.90844062947,78717,2014,6
136.56387665198,78717,2014,7
137.78980249676,78717,2014,8
137.78980249676,78717,2014,9
139.89630123695,78717,2014,10
141.15653389238,78717,2014,11
141.40265462956,78717,2014,12
141.46180446401,78717,2015,1
144.26955219647,78717,2015,2
140.9759161046,78717,2015,3
138.76967555413,78717,2015,4
138.73941105626,78717,2015,5
140.90009891197,78717,2015,6
142.11761668737,78717,2015,7
142.49033435418,78717,2015,8
145.70168711656,78717,2015,9
144.5513803681,78717,2015,10
149.06341873163,78717,2015,11
150.03097040606,78717,2015,12
151.00974847278,78717,2016,1
143.61081137296,78717,2016,2
149.0,78717,2016,3
149.61558784676,78717,2016,4
147.54118301961,78717,2016,5
148.57651245552,78717,2016,6
145.11278538813,78717,2016,7
144.0625,78717,2016,8
141.77874170422,78717,2016,9
149.40806403641,78717,2016,10
151.64918220963,78717,2016,11
151.90476190476,78717,2016,12
151.19549929677,78717,2017,1
151.86915887851,78717,2017,2
158.67518493611,78717,2017,3
159.02547707447,78717,2017,4
157.89631405454,78717,2017,5
157.83929884304,78717,2017,6
157.58376457782,78717,2017,7
156.19391600861,78717,2017,8
157.58368200837,78717,2017,9
162.30626826892,78717,2017,10
163.50615740426,78717,2017,11
163.97231908813,78717,2017,12
169.2905567289,78717,2018,1
164.91885568567,78717,2018,2
159.60753452669,78717,2018,3
157.40694457947,78717,2018,4
186.92307692308,78721,2014,11
195.75064753935,78721,2014,12
192.34533771668,78721,2015,1
197.91666666667,78721,2015,2
199.84668109668,78721,2015,3
209.53649543445,78721,2015,4
210.62932851551,78721,2015,5
208.56507230256,78721,2015,6
215.21990740741,78721,2015,7
215.27777777778,78721,2015,8
214.78630286054,78721,2015,9
215.1099537037,78721,2015,10
214.64465183058,78721,2015,11
215.7308224478,78721,2015,12
225.34920634921,78721,2016,1
226.50778647943,78721,2016,2
227.66957689725,78721,2016,3
236.30340310932,78721,2016,4
242.3,78721,2016,5
246.09829955742,78721,2016,6
247.42268041237,78721,2016,7
248.96252371193,78721,2016,8
245.05404587711,78721,2016,9
240.45801526718,78721,2016,10
251.02677720602,78721,2016,11
246.77215189873,78721,2016,12
248.17808926052,78721,2017,1
252.93737060041,78721,2017,2
254.60332209754,78721,2017,3
253.09150865622,78721,2017,4
265.3566022822,78721,2017,5
263.46018735363,78721,2017,6
265.27672479151,78721,2017,7
267.50764525994,78721,2017,8
270.95596951736,78721,2017,9
265.61014263074,78721,2017,10
266.27486437613,78721,2017,11
269.70078414786,78721,2017,12
280.27501462844,78721,2018,1
279.35606060606,78721,2018,2
297.43373588457,78721,2018,3
294.47659465021,78721,2018,4
134.51178451178,78723,2010,1
132.48050622907,78723,2010,2
126.80237489398,78723,2010,3
126.59831121833,78723,2010,4
126.5903307888,78723,2010,5
127.00564009388,78723,2010,6
122.54289215686,78723,2010,7
120.31804027205,78723,2010,8
118.78734641907,78723,2010,9
120.27700491851,78723,2010,10
123.92387104564,78723,2010,11
122.03519510329,78723,2010,12
119.33066933067,78723,2011,1
119.33066933067,78723,2011,2
120.25089012919,78723,2011,3
121.47671488638,78723,2011,4
121.12283464254,78723,2011,5
121.42304717711,78723,2011,6
122.17834128532,78723,2011,7
121.42304717711,78723,2011,8
120.29452432379,78723,2011,9
118.49684234784,78723,2011,10
115.74074074074,78723,2011,11
115.48536209553,78723,2011,12
119.16961130742,78723,2012,1
119.92727272727,78723,2012,2
113.77162351716,78723,2012,3
123.60289283366,78723,2012,4
125.87657784011,78723,2012,5
123.44872632266,78723,2012,6
125.87657784011,78723,2012,7
132.79325988334,78723,2012,8
128.85802469136,78723,2012,9
131.60287569258,78723,2012,10
147.55011135858,78723,2012,11
134.75575519371,78723,2012,12
126.8064402986,78723,2013,1
135.17550410754,78723,2013,2
134.45922116091,78723,2013,3
138.19905109168,78723,2013,4
143.66726675845,78723,2013,5
156.48769574944,78723,2013,6
152.02716870357,78723,2013,7
155.40434170188,78723,2013,8
165.40306548734,78723,2013,9
158.87025595764,78723,2013,10
161.18805970149,78723,2013,11
158.82768361582,78723,2013,12
157.34035549704,78723,2014,1
167.95716507282,78723,2014,2
178.88888888889,78723,2014,3
191.15428293987,78723,2014,4
186.91588785047,78723,2014,5
202.06733326579,78723,2014,6
203.78792341679,78723,2014,7
203.36201006763,78723,2014,8
191.81802167284,78723,2014,9
200.0,78723,2014,10
185.18518518518,78723,2014,11
211.71979865772,78723,2014,12
221.71952055158,78723,2015,1
221.50298426479,78723,2015,2
221.7715680955,78723,2015,3
218.82121540966,78723,2015,4
211.24745641533,78723,2015,5
204.08163265306,78723,2015,6
211.06870229008,78723,2015,7
213.5557928457,78723,2015,8
219.55323386872,78723,2015,9
221.01562430353,78723,2015,10
222.9054054054,78723,2015,11
222.9054054054,78723,2015,12
224.17061611374,78723,2016,1
225.49019607843,78723,2016,2
227.17696153194,78723,2016,3
223.08149910767,78723,2016,4
224.84340314031,78723,2016,5
227.66787993473,78723,2016,6
232.46642917343,78723,2016,7
230.44216014165,78723,2016,8
229.05882352941,78723,2016,9
237.62368815592,78723,2016,10
234.80318923645,78723,2016,11
237.61650880099,78723,2016,12
237.96296296296,78723,2017,1
243.47235001148,78723,2017,2
248.07056229328,78723,2017,3
249.48735475051,78723,2017,4
249.68394437421,78723,2017,5
253.40570349762,78723,2017,6
250.20884849738,78723,2017,7
243.26523431487,78723,2017,8
246.52402022756,78723,2017,9
243.28722538649,78723,2017,10
242.83717456616,78723,2017,11
241.36179031026,78723,2017,12
253.54609929078,78723,2018,1
256.75675675676,78723,2018,2
260.41666666667,78723,2018,3
255.44202576633,78723,2018,4
122.1023027289,78724,2016,3
127.70735074818,78724,2016,4
134.29101019462,78724,2016,5
132.6697294538,78724,2016,6
135.27481542248,78724,2016,7
141.47018030513,78724,2016,8
149.89374620522,78724,2016,9
151.27188541083,78724,2016,10
149.73065131024,78724,2016,11
149.73065131024,78724,2016,12
130.13306564192,78724,2017,1
140.29239766082,78724,2017,2
138.21138211382,78724,2017,3
129.58630072216,78724,2017,4
138.50838079323,78724,2017,5
140.95788043478,78724,2017,6
139.19834710744,78724,2017,7
134.24872058528,78724,2017,8
143.779342723,78724,2017,9
143.779342723,78724,2017,10
119.0,78724,2017,11
119.22407478498,78724,2017,12
118.60033726813,78724,2018,1
118.834818776,78724,2018,2
126.71880417044,78724,2018,3
133.03492439525,78724,2018,4
102.72020169157,78725,2015,1
104.61547212742,78725,2015,2
100.1520713162,78725,2015,3
106.2143028683,78725,2015,4
108.52090032154,78725,2015,5
106.11205432937,78725,2015,6
99.999230769231,78725,2015,7
100.1520713162,78725,2015,8
100.16628836568,78725,2015,9
106.95246884416,78725,2015,10
104.97745796022,78725,2015,11
105.95632201429,78725,2015,12
107.59890727925,78725,2016,1
115.6686822313,78725,2016,2
118.21766561514,78725,2016,3
128.76285396162,78725,2016,4
126.3428377258,78725,2016,5
127.88696369637,78725,2016,6
128.69534591178,78725,2016,7
129.87769499296,78725,2016,8
128.80550343965,78725,2016,9
126.80868167203,78725,2016,10
120.94232171195,78725,2016,11
120.94232171195,78725,2016,12
130.49155145929,78725,2017,1
134.33655990403,78725,2017,2
137.73148148148,78725,2017,3
133.81005136933,78725,2017,4
131.2106918239,78725,2017,5
135.65536205316,78725,2017,6
127.42935906271,78725,2017,7
130.64712820459,78725,2017,8
132.55968169761,78725,2017,9
130.57647528765,78725,2017,10
131.29973474801,78725,2017,11
128.19855358317,78725,2017,12
126.31379050393,78725,2018,1
126.79582968657,78725,2018,2
128.77848411233,78725,2018,3
127.47813411079,78725,2018,4
109.5858515169,78726,2010,1
110.83716914938,78726,2010,2
111.06830421291,78726,2010,3
111.76631925398,78726,2010,4
115.17595307918,78726,2010,5
115.46198331256,78726,2010,6
112.34547383904,78726,2010,7
112.38173199713,78726,2010,8
110.83499005964,78726,2010,9
112.38173199713,78726,2010,10
111.99856835402,78726,2010,11
110.64278187566,78726,2010,12
109.66498484156,78726,2011,1
109.45595854922,78726,2011,2
109.24730280839,78726,2011,3
108.80635528075,78726,2011,4
107.07084382579,78726,2011,5
105.80819450698,78726,2011,6
105.80819450698,78726,2011,7
109.05897661245,78726,2011,8
112.52978583268,78726,2011,9
111.64937026361,78726,2011,10
117.03158016198,78726,2011,11
117.37089201878,78726,2011,12
113.22237632917,78726,2012,1
112.63253868987,78726,2012,2
114.39114391144,78726,2012,3
115.24423775041,78726,2012,4
118.34319526627,78726,2012,5
121.42634693242,78726,2012,6
117.14150035942,78726,2012,7
131.23334843679,78726,2012,8
132.18094365552,78726,2012,9
135.29278792072,78726,2012,10
133.80872483222,78726,2012,11
132.81301893059,78726,2012,12
141.20580473368,78726,2013,1
141.55805870735,78726,2013,2
139.41870629371,78726,2013,3
142.3478473134,78726,2013,4
135.72343149808,78726,2013,5
135.14836782781,78726,2013,6
136.95090439277,78726,2013,7
135.88696989284,78726,2013,8
150.56231061733,78726,2013,9
158.26182680605,78726,2013,10
162.70692818303,78726,2013,11
168.114042513,78726,2013,12
157.58886918611,78726,2014,1
159.42208232391,78726,2014,2
159.72540045767,78726,2014,3
155.37432036805,78726,2014,4
159.81770262232,78726,2014,5
155.98290598291,78726,2014,6
156.75477239354,78726,2014,7
156.74478318827,78726,2014,8
155.12400561535,78726,2014,9
157.99423310768,78726,2014,10
158.03939532753,78726,2014,11
164.90761271249,78726,2014,12
168.60454624279,78726,2015,1
169.26042207863,78726,2015,2
165.11497241607,78726,2015,3
158.07774609681,78726,2015,4
156.54514309343,78726,2015,5
155.78309243107,78726,2015,6
158.28974535444,78726,2015,7
161.33189438367,78726,2015,8
162.11494051486,78726,2015,9
158.97797660014,78726,2015,10
158.97797660014,78726,2015,11
167.02723735409,78726,2015,12
165.78977367241,78726,2016,1
165.06428985719,78726,2016,2
165.78977367241,78726,2016,3
162.5547418412,78726,2016,4
161.27989657401,78726,2016,5
162.60531873009,78726,2016,6
161.98189937684,78726,2016,7
163.10828714631,78726,2016,8
162.2114256687,78726,2016,9
163.22657820553,78726,2016,10
169.22500935979,78726,2016,11
169.22500935979,78726,2016,12
190.19798136646,78726,2017,1
182.51958136394,78726,2017,2
170.28891763691,78726,2017,3
166.5608885363,78726,2017,4
171.23831011979,78726,2017,5
173.28636495084,78726,2017,6
172.72068279562,78726,2017,7
174.57284358234,78726,2017,8
174.57284358234,78726,2017,9
174.60969597371,78726,2017,10
177.16262975778,78726,2017,11
174.93009995209,78726,2017,12
177.56382965484,78726,2018,1
177.16262975778,78726,2018,2
177.27792603889,78726,2018,3
178.93933613125,78726,2018,4
111.08329666767,78727,2010,1
110.68689241938,78727,2010,2
110.47275114905,78727,2010,3
112.49220567427,78727,2010,4
111.59748539717,78727,2010,5
110.31576877666,78727,2010,6
109.54750264108,78727,2010,7
110.69639514232,78727,2010,8
110.95262096774,78727,2010,9
110.06922592826,78727,2010,10
108.07304180682,78727,2010,11
108.67242942717,78727,2010,12
107.2250345145,78727,2011,1
107.56972111554,78727,2011,2
108.32258064516,78727,2011,3
107.598301523,78727,2011,4
106.83760683761,78727,2011,5
106.62824518712,78727,2011,6
107.45466756212,78727,2011,7
106.49973361748,78727,2011,8
105.74193548387,78727,2011,9
106.70706159512,78727,2011,10
105.74193548387,78727,2011,11
105.17501551069,78727,2011,12
105.42661358468,78727,2012,1
105.19262981574,78727,2012,2
107.08722741433,78727,2012,3
107.24184175235,78727,2012,4
107.24184175235,78727,2012,5
107.72521808089,78727,2012,6
110.16533986528,78727,2012,7
106.63265306122,78727,2012,8
106.15384615385,78727,2012,9
110.22275744074,78727,2012,10
111.70976572525,78727,2012,11
111.37919808448,78727,2012,12
118.59640080961,78727,2013,1
118.59640080961,78727,2013,2
118.24294432719,78727,2013,3
122.92009499349,78727,2013,4
126.15235322659,78727,2013,5
129.86513486513,78727,2013,6
129.32485599333,78727,2013,7
129.3314162473,78727,2013,8
131.55063291139,78727,2013,9
136.6835443038,78727,2013,10
136.07142857143,78727,2013,11
137.42766726944,78727,2013,12
143.75678119349,78727,2014,1
143.75678119349,78727,2014,2
143.75678119349,78727,2014,3
143.75678119349,78727,2014,4
148.17527519052,78727,2014,5
148.27757685353,78727,2014,6
147.79894875164,78727,2014,7
148.27757685353,78727,2014,8
132.81573807599,78727,2014,9
132.1935483871,78727,2014,10
133.60029122679,78727,2014,11
132.89691980694,78727,2014,12
137.74104683196,78727,2015,1
137.85507087735,78727,2015,2
139.37376492653,78727,2015,3
137.73648860712,78727,2015,4
134.91935483871,78727,2015,5
139.3005334914,78727,2015,6
147.83927217589,78727,2015,7
149.52908587258,78727,2015,8
149.98385193238,78727,2015,9
150.24673816895,78727,2015,10
151.17518387653,78727,2015,11
152.79837251356,78727,2015,12
152.77803119804,78727,2016,1
141.10944671086,78727,2016,2
144.73684210526,78727,2016,3
145.22821576763,78727,2016,4
148.97383533824,78727,2016,5
166.71144178043,78727,2016,6
169.63136337039,78727,2016,7
169.85753424657,78727,2016,8
167.64065427898,78727,2016,9
169.76744186046,78727,2016,10
169.83371727319,78727,2016,11
169.82517482517,78727,2016,12
173.04029024039,78727,2017,1
176.47541159752,78727,2017,2
181.2111300845,78727,2017,3
181.26283987915,78727,2017,4
179.09093735983,78727,2017,5
181.36767987736,78727,2017,6
180.01691544944,78727,2017,7
182.93015735706,78727,2017,8
180.1504880191,78727,2017,9
182.82417488143,78727,2017,10
181.52302243211,78727,2017,11
182.6495304004,78727,2017,12
181.48820326679,78727,2018,1
181.48820326679,78727,2018,2
182.23385610929,78727,2018,3
188.38290478967,78727,2018,4
100.23866348449,78728,2010,1
103.04284479414,78728,2010,2
102.51440812412,78728,2010,3
101.73235166739,78728,2010,4
97.981145343471,78728,2010,5
98.793444803584,78728,2010,6
98.937478377388,78728,2010,7
98.959819518731,78728,2010,8
99.103375527426,78728,2010,9
96.593525250418,78728,2010,10
94.877436520692,78728,2010,11
94.048962391006,78728,2010,12
94.01613679353,78728,2011,1
95.367847411444,78728,2011,2
95.075545607163,78728,2011,3
96.730245231608,78728,2011,4
97.273039172066,78728,2011,5
97.573363431151,78728,2011,6
96.242424242424,78728,2011,7
92.522861753631,78728,2011,8
94.598337950139,78728,2011,9
96.236872812135,78728,2011,10
92.674315975287,78728,2011,11
94.692779387856,78728,2011,12
96.820394338395,78728,2012,1
95.374449339207,78728,2012,2
96.554359256575,78728,2012,3
96.262729957274,78728,2012,4
94.973544973545,78728,2012,5
95.305623471883,78728,2012,6
95.294691124021,78728,2012,7
94.57242130726,78728,2012,8
93.179237861036,78728,2012,9
95.811219998147,78728,2012,10
102.12053571429,78728,2012,11
104.36565464355,78728,2012,12
105.17772495528,78728,2013,1
105.35037878788,78728,2013,2
106.49129651053,78728,2013,3
105.33858267716,78728,2013,4
108.66696437154,78728,2013,5
110.89108910891,78728,2013,6
114.02522333158,78728,2013,7
110.82351493051,78728,2013,8
112.31101511879,78728,2013,9
117.20719211567,78728,2013,10
116.71075837742,78728,2013,11
119.25141972122,78728,2013,12
123.36665587183,78728,2014,1
120.56416202392,78728,2014,2
121.87690432663,78728,2014,3
121.87690432663,78728,2014,4
121.38625592417,78728,2014,5
121.67543424641,78728,2014,6
121.33126410835,78728,2014,7
121.17429882746,78728,2014,8
121.28562765312,78728,2014,9
121.1869814933,78728,2014,10
125.38745387454,78728,2014,11
125.53636839351,78728,2014,12
129.74175098988,78728,2015,1
130.05367464905,78728,2015,2
130.07330092804,78728,2015,3
129.8546658558,78728,2015,4
130.39820527201,78728,2015,5
132.10146488583,78728,2015,6
133.95780308105,78728,2015,7
134.51330152164,78728,2015,8
134.24399434762,78728,2015,9
128.67549137585,78728,2015,10
130.39058796175,78728,2015,11
132.27513227513,78728,2015,12
132.27513227513,78728,2016,1
138.33312079703,78728,2016,2
142.55156161937,78728,2016,3
144.19791655496,78728,2016,4
147.2972972973,78728,2016,5
150.36178631996,78728,2016,6
149.47040498442,78728,2016,7
148.49492019699,78728,2016,8
146.57033550405,78728,2016,9
145.4280155642,78728,2016,10
143.56435643564,78728,2016,11
138.44797178131,78728,2016,12
144.09523230559,78728,2017,1
145.77173079871,78728,2017,2
143.42431761787,78728,2017,3
141.82726178711,78728,2017,4
146.2339400395,78728,2017,5
146.96327456107,78728,2017,6
144.39000489956,78728,2017,7
149.49546017706,78728,2017,8
144.47346144354,78728,2017,9
145.34051076615,78728,2017,10
143.20880033209,78728,2017,11
143.12954876274,78728,2017,12
147.2286374134,78728,2018,1
148.03910614525,78728,2018,2
149.45582891809,78728,2018,3
159.2475326718,78728,2018,4
102.50301568154,78729,2010,1
103.14927184466,78729,2010,2
102.97184567258,78729,2010,3
103.0330741133,78729,2010,4
103.09430255403,78729,2010,5
102.27907259644,78729,2010,6
101.65515177891,78729,2010,7
101.42512077295,78729,2010,8
101.39595998886,78729,2010,9
101.07718571687,78729,2010,10
100.84781687156,78729,2010,11
101.1259382819,78729,2010,12
101.06015779093,78729,2011,1
100.50302235983,78729,2011,2
100.0,78729,2011,3
98.432345914955,78729,2011,4
98.353156450137,78729,2011,5
99.647355163728,78729,2011,6
99.690176886955,78729,2011,7
99.061389917618,78729,2011,8
97.590630956431,78729,2011,9
97.150259067357,78729,2011,10
97.510373443983,78729,2011,11
97.972972972973,78729,2011,12
96.580929898633,78729,2012,1
96.576238681745,78729,2012,2
96.840654756318,78729,2012,3
99.172185430464,78729,2012,4
100.39456378781,78729,2012,5
101.65952890792,78729,2012,6
102.05128205128,78729,2012,7
102.93304148185,78729,2012,8
103.43543046358,78729,2012,9
101.65745856354,78729,2012,10
102.87511230908,78729,2012,11
107.23552894212,78729,2012,12
109.43262411348,78729,2013,1
112.73945289207,78729,2013,2
111.11111111111,78729,2013,3
109.3644954502,78729,2013,4
116.05171595315,78729,2013,5
119.53717898767,78729,2013,6
120.43629561114,78729,2013,7
122.48429648241,78729,2013,8
123.19644369179,78729,2013,9
128.52708532384,78729,2013,10
127.07468879668,78729,2013,11
131.70329139452,78729,2013,12
135.35964035964,78729,2014,1
137.36584397306,78729,2014,2
137.59102455546,78729,2014,3
133.78069432684,78729,2014,4
136.32611629303,78729,2014,5
137.19972546328,78729,2014,6
131.25410374261,78729,2014,7
140.3444970086,78729,2014,8
139.82073265783,78729,2014,9
136.12740989103,78729,2014,10
135.66856145766,78729,2014,11
139.05950095969,78729,2014,12
138.01439458086,78729,2015,1
138.53694777028,78729,2015,2
137.27019498607,78729,2015,3
143.22437244812,78729,2015,4
146.1933725444,78729,2015,5
145.62776497813,78729,2015,6
145.07974827667,78729,2015,7
146.24505928854,78729,2015,8
151.9582528865,78729,2015,9
146.48528405202,78729,2015,10
146.09175200448,78729,2015,11
146.40026863667,78729,2015,12
137.78801843318,78729,2016,1
132.87061403509,78729,2016,2
132.63296126067,78729,2016,3
135.13513513513,78729,2016,4
137.88988708204,78729,2016,5
140.46941678521,78729,2016,6
144.62170895469,78729,2016,7
143.28358208955,78729,2016,8
143.26196473552,78729,2016,9
142.98507462687,78729,2016,10
141.96347795164,78729,2016,11
141.71511627907,78729,2016,12
143.10044454054,78729,2017,1
144.90757935034,78729,2017,2
149.68487394958,78729,2017,3
149.75738861932,78729,2017,4
153.91440501044,78729,2017,5
151.99428483396,78729,2017,6
148.19077443636,78729,2017,7
154.31764062199,78729,2017,8
154.83862920273,78729,2017,9
152.47360243705,78729,2017,10
152.61627906977,78729,2017,11
152.36197396861,78729,2017,12
154.31865431865,78729,2018,1
162.81664916268,78729,2018,2
162.47466395591,78729,2018,3
162.7486437613,78729,2018,4
238.68433651042,78730,2016,10
236.58148025224,78730,2016,11
224.11631987967,78730,2016,12
237.61045902229,78730,2017,1
239.13043478261,78730,2017,2
242.30959446093,78730,2017,3
245.41425066905,78730,2017,4
242.2748004561,78730,2017,5
246.71052631579,78730,2017,6
240.68352889686,78730,2017,7
235.80375759849,78730,2017,8
234.36597382994,78730,2017,9
235.53796872056,78730,2017,10
235.53796872056,78730,2017,11
232.93379206529,78730,2017,12
235.53796872056,78730,2018,1
241.30008653479,78730,2018,2
246.22393126862,78730,2018,3
243.89818688982,78730,2018,4
194.22437192106,78731,2010,1
194.32456916418,78731,2010,2
195.53264604811,78731,2010,3
194.7191011236,78731,2010,4
199.25694048733,78731,2010,5
198.3252534156,78731,2010,6
194.02985074627,78731,2010,7
194.02985074627,78731,2010,8
192.75362318841,78731,2010,9
192.66906895516,78731,2010,10
187.56698821008,78731,2010,11
182.47715200543,78731,2010,12
179.3637539004,78731,2011,1
182.39299610895,78731,2011,2
184.11669367909,78731,2011,3
184.34880636605,78731,2011,4
184.11669367909,78731,2011,5
188.78835562549,78731,2011,6
190.05069708492,78731,2011,7
190.03378378378,78731,2011,8
191.01151283977,78731,2011,9
190.88176470588,78731,2011,10
189.88955467059,78731,2011,11
181.17154811715,78731,2011,12
186.98766414644,78731,2012,1
187.97229219144,78731,2012,2
188.31927807239,78731,2012,3
193.68075502667,78731,2012,4
201.5132408575,78731,2012,5
204.41113384952,78731,2012,6
201.97668525089,78731,2012,7
203.31675523294,78731,2012,8
203.62052113877,78731,2012,9
202.75701191236,78731,2012,10
215.39014742898,78731,2012,11
201.10297366561,78731,2012,12
202.51595189561,78731,2013,1
224.82893450635,78731,2013,2
220.62641219172,78731,2013,3
228.47682119205,78731,2013,4
227.92022792023,78731,2013,5
224.1847826087,78731,2013,6
222.05232625973,78731,2013,7
222.98006295908,78731,2013,8
218.19813791097,78731,2013,9
217.03312356651,78731,2013,10
212.49349360255,78731,2013,11
213.54420113544,78731,2013,12
228.15022815023,78731,2014,1
232.03719357566,78731,2014,2
233.30500670372,78731,2014,3
242.59407535223,78731,2014,4
232.53068932956,78731,2014,5
239.60816393548,78731,2014,6
227.43825729987,78731,2014,7
233.84030418251,78731,2014,8
228.33178005592,78731,2014,9
234.30221702331,78731,2014,10
243.1767887878,78731,2014,11
250.68121809541,78731,2014,12
246.2792345854,78731,2015,1
246.61246612466,78731,2015,2
256.46355042246,78731,2015,3
248.9202312737,78731,2015,4
247.29235273616,78731,2015,5
244.24427480916,78731,2015,6
238.69346733668,78731,2015,7
232.34042553192,78731,2015,8
235.27232308262,78731,2015,9
240.4594294183,78731,2015,10
249.71428571429,78731,2015,11
257.73111701693,78731,2015,12
257.72495755518,78731,2016,1
259.2889098187,78731,2016,2
265.78890069414,78731,2016,3
267.38660907127,78731,2016,4
273.60629531061,78731,2016,5
268.09317269923,78731,2016,6
284.49502133713,78731,2016,7
282.02328966521,78731,2016,8
282.59193669932,78731,2016,9
284.23596239271,78731,2016,10
284.44825614637,78731,2016,11
283.42389047147,78731,2016,12
285.51532033426,78731,2017,1
282.25123500353,78731,2017,2
280.87762329197,78731,2017,3
285.64593301435,78731,2017,4
290.03961516695,78731,2017,5
297.08564153269,78731,2017,6
293.00241296105,78731,2017,7
281.38757695876,78731,2017,8
286.38756793478,78731,2017,9
290.05826647106,78731,2017,10
293.41932078816,78731,2017,11
311.9489092497,78731,2017,12
301.62799822254,78731,2018,1
299.29193899782,78731,2018,2
288.60294117647,78731,2018,3
299.41219691403,78731,2018,4
135.48165321864,78732,2010,1
135.48165321864,78732,2010,2
133.6856010568,78732,2010,3
134.55229086247,78732,2010,4
137.03196347032,78732,2010,5
138.1729885401,78732,2010,6
135.48165321864,78732,2010,7
132.08100968594,78732,2010,8
136.90373050108,78732,2010,9
137.40265689418,78732,2010,10
136.76148796499,78732,2010,11
135.20095009899,78732,2010,12
136.93839117568,78732,2011,1
135.94372431236,78732,2011,2
137.08079583595,78732,2011,3
137.90224499345,78732,2011,4
138.88802083333,78732,2011,5
139.25247883067,78732,2011,6
137.67217630854,78732,2011,7
137.74269407682,78732,2011,8
138.38219326819,78732,2011,9
138.20638820639,78732,2011,10
139.63998685998,78732,2011,11
141.15182408529,78732,2011,12
141.60914068079,78732,2012,1
141.91647171545,78732,2012,2
140.62427463499,78732,2012,3
144.25770308123,78732,2012,4
141.81254154664,78732,2012,5
139.28367990693,78732,2012,6
137.71010791555,78732,2012,7
135.65177337632,78732,2012,8
137.81049227221,78732,2012,9
144.26888012558,78732,2012,10
147.03895071542,78732,2012,11
147.9027880224,78732,2012,12
152.22606689735,78732,2013,1
152.82061082327,78732,2013,2
148.13349942609,78732,2013,3
151.69820426029,78732,2013,4
147.61704564841,78732,2013,5
149.04051172708,78732,2013,6
150.35445873363,78732,2013,7
151.94547003692,78732,2013,8
153.90037593985,78732,2013,9
157.8629597473,78732,2013,10
163.64791865269,78732,2013,11
168.42587512584,78732,2013,12
173.86091127098,78732,2014,1
169.87623813668,78732,2014,2
167.84608580274,78732,2014,3
164.16249304396,78732,2014,4
161.76068657101,78732,2014,5
160.35657086662,78732,2014,6
158.57354575769,78732,2014,7
159.13838120104,78732,2014,8
163.59558486406,78732,2014,9
161.53055983564,78732,2014,10
166.46686646687,78732,2014,11
166.11295681063,78732,2014,12
163.18751134507,78732,2015,1
167.88690745797,78732,2015,2
163.50119850972,78732,2015,3
164.65076660988,78732,2015,4
163.79089541828,78732,2015,5
166.25960061444,78732,2015,6
162.9252375716,78732,2015,7
159.59129151608,78732,2015,8
161.46870388959,78732,2015,9
162.45380801948,78732,2015,10
162.04871794872,78732,2015,11
163.39014449796,78732,2015,12
165.66646237494,78732,2016,1
172.03647416413,78732,2016,2
170.47391749062,78732,2016,3
168.5972629521,78732,2016,4
166.1433804291,78732,2016,5
168.82357906584,78732,2016,6
172.32876712329,78732,2016,7
178.3520564652,78732,2016,8
180.05138339921,78732,2016,9
175.85301616762,78732,2016,10
177.48998766256,78732,2016,11
179.00188767834,78732,2016,12
177.94777559214,78732,2017,1
177.26252163828,78732,2017,2
174.61449731618,78732,2017,3
172.14854111406,78732,2017,4
170.12616221035,78732,2017,5
169.40485814897,78732,2017,6
170.28580518251,78732,2017,7
174.02376910017,78732,2017,8
170.1820065873,78732,2017,9
169.04583020286,78732,2017,10
169.04583020286,78732,2017,11
171.72846389741,78732,2017,12
171.59553256805,78732,2018,1
173.27590892909,78732,2018,2
173.70821596244,78732,2018,3
172.14111922141,78732,2018,4
174.27039926206,78733,2010,1
177.41935483871,78733,2010,2
176.42436149312,78733,2010,3
171.49220489978,78733,2010,4
169.79840302268,78733,2010,5
168.5208596713,78733,2010,6
173.26139088729,78733,2010,7
171.85796817092,78733,2010,8
169.40415010536,78733,2010,9
172.95207658574,78733,2010,10
169.35450128737,78733,2010,11
169.04032067908,78733,2010,12
167.6245210728,78733,2011,1
166.47855918393,78733,2011,2
174.65753424658,78733,2011,3
169.54450729384,78733,2011,4
169.55101470887,78733,2011,5
171.35183457853,78733,2011,6
169.55752212389,78733,2011,7
168.47826086956,78733,2011,8
168.216873706,78733,2011,9
168.67747502938,78733,2011,10
169.55752212389,78733,2011,11
170.22221771687,78733,2011,12
172.1677074041,78733,2012,1
172.70383836942,78733,2012,2
173.92356071601,78733,2012,3
179.52394142606,78733,2012,4
176.11807620486,78733,2012,5
183.7591879594,78733,2012,6
194.85363668736,78733,2012,7
192.1875,78733,2012,8
191.00115740741,78733,2012,9
185.40430267062,78733,2012,10
207.15596330275,78733,2012,11
212.00662602703,78733,2012,12
225.10972139984,78733,2013,1
227.11516524123,78733,2013,2
224.22384055194,78733,2013,3
214.31540659912,78733,2013,4
213.78103972791,78733,2013,5
211.38669673055,78733,2013,6
218.54764107308,78733,2013,7
212.48807313592,78733,2013,8
215.26778925358,78733,2013,9
230.09983135137,78733,2013,10
227.67266852844,78733,2013,11
229.9366972215,78733,2013,12
224.23146473779,78733,2014,1
220.4085508357,78733,2014,2
218.92517772859,78733,2014,3
203.05907172996,78733,2014,4
228.74149659864,78733,2014,5
248.4888249784,78733,2014,6
226.27146096534,78733,2014,7
224.14012236912,78733,2014,8
238.02304426925,78733,2014,9
250.84134615385,78733,2014,10
251.68269230769,78733,2014,11
241.48016276704,78733,2014,12
233.78425034495,78733,2015,1
230.37037037037,78733,2015,2
227.85813354468,78733,2015,3
226.85129772285,78733,2015,4
227.85813354468,78733,2015,5
233.21342925659,78733,2015,6
247.70074032588,78733,2015,7
258.7457443835,78733,2015,8
251.68269230769,78733,2015,9
255.63909774436,78733,2015,10
291.72775100564,78733,2015,11
286.65648866887,78733,2015,12
286.65648866887,78733,2016,1
276.54867256637,78733,2016,2
266.25330745577,78733,2016,3
258.80635093336,78733,2016,4
263.26572423684,78733,2016,5
258.03608896349,78733,2016,6
265.93676455541,78733,2016,7
274.64572994641,78733,2016,8
270.79387606063,78733,2016,9
275.13586956522,78733,2016,10
268.99798251513,78733,2016,11
273.53391286271,78733,2016,12
302.43261012492,78733,2017,1
266.38719512195,78733,2017,2
285.72236358496,78733,2017,3
294.82968145005,78733,2017,4
278.31261583391,78733,2017,5
260.48632218845,78733,2017,6
268.70892705957,78733,2017,7
271.7982170037,78733,2017,8
271.7982170037,78733,2017,9
277.66548762001,78733,2017,10
299.68630106603,78733,2017,11
296.42248722317,78733,2017,12
296.42248722317,78733,2018,1
301.24653739612,78733,2018,2
273.08295512545,78733,2018,3
287.40157480315,78733,2018,4
146.88334817453,78734,2010,1
145.80209895052,78734,2010,2
146.92453964214,78734,2010,3
146.99182634329,78734,2010,4
148.26996197719,78734,2010,5
148.05327868853,78734,2010,6
147.05882352941,78734,2010,7
146.48569301369,78734,2010,8
143.79724785617,78734,2010,9
145.07936507937,78734,2010,10
144.87817207562,78734,2010,11
143.99133886684,78734,2010,12
144.67697907188,78734,2011,1
141.9565690741,78734,2011,2
146.99521396837,78734,2011,3
148.16070363532,78734,2011,4
150.61655901351,78734,2011,5
147.2772297575,78734,2011,6
143.58428030303,78734,2011,7
141.1497730711,78734,2011,8
140.32275298669,78734,2011,9
138.24214202561,78734,2011,10
138.51811310609,78734,2011,11
136.78728070175,78734,2011,12
134.43311612545,78734,2012,1
131.08816781383,78734,2012,2
138.03049031726,78734,2012,3
141.03651208117,78734,2012,4
141.95248735106,78734,2012,5
143.04347826087,78734,2012,6
145.62770597565,78734,2012,7
147.45308310992,78734,2012,8
148.81693648817,78734,2012,9
150.250501002,78734,2012,10
149.82078853047,78734,2012,11
146.56054513941,78734,2012,12
148.65671641791,78734,2013,1
150.56237218814,78734,2013,2
154.93578685068,78734,2013,3
153.69003690037,78734,2013,4
157.05194005338,78734,2013,5
159.41652518393,78734,2013,6
159.90932642487,78734,2013,7
162.39316239316,78734,2013,8
164.50237852862,78734,2013,9
163.29565734682,78734,2013,10
163.66432337434,78734,2013,11
163.68259836839,78734,2013,12
163.73583431028,78734,2014,1
167.49147286822,78734,2014,2
166.66666666667,78734,2014,3
169.28634117359,78734,2014,4
169.47523427042,78734,2014,5
169.32722884698,78734,2014,6
169.47523427042,78734,2014,7
169.28774193548,78734,2014,8
168.28107376495,78734,2014,9
170.25089605735,78734,2014,10
171.19528940665,78734,2014,11
171.67643934957,78734,2014,12
174.52974225137,78734,2015,1
179.13978494624,78734,2015,2
180.20076175249,78734,2015,3
178.81558028617,78734,2015,4
179.04863709246,78734,2015,5
178.94516534115,78734,2015,6
179.88935633151,78734,2015,7
180.30358478337,78734,2015,8
181.55410312273,78734,2015,9
181.43037248599,78734,2015,10
181.66328774087,78734,2015,11
181.72851252775,78734,2015,12
183.58966408269,78734,2016,1
184.64702842377,78734,2016,2
188.14644089056,78734,2016,3
190.43761346921,78734,2016,4
191.68751737559,78734,2016,5
191.87583973465,78734,2016,6
197.16905901116,78734,2016,7
193.96551724138,78734,2016,8
200.12322858903,78734,2016,9
201.85930970854,78734,2016,10
198.49561220226,78734,2016,11
199.19689922481,78734,2016,12
199.91582491582,78734,2017,1
204.15117500448,78734,2017,2
203.96950904393,78734,2017,3
201.61290322581,78734,2017,4
204.38337497161,78734,2017,5
203.80674945929,78734,2017,6
199.91582491582,78734,2017,7
200.04212299916,78734,2017,8
201.56407669021,78734,2017,9
201.14398422091,78734,2017,10
201.36307311029,78734,2017,11
199.95791245791,78734,2017,12
199.03730269876,78734,2018,1
201.58410995686,78734,2018,2
202.59619842374,78734,2018,3
200.80321285141,78734,2018,4
249.87461299146,78735,2014,8
232.03862948593,78735,2014,9
239.9662406559,78735,2014,10
233.29887973675,78735,2014,11
232.81430155211,78735,2014,12
240.10477299185,78735,2015,1
244.63991203958,78735,2015,2
242.27292781539,78735,2015,3
250.9027158063,78735,2015,4
248.61999875461,78735,2015,5
250.43282441471,78735,2015,6
271.0818486961,78735,2015,7
260.34712950601,78735,2015,8
273.82453145499,78735,2015,9
279.14754234031,78735,2015,10
287.76344633963,78735,2015,11
277.35494603754,78735,2015,12
267.88103573781,78735,2016,1
270.63766683144,78735,2016,2
267.18659734258,78735,2016,3
277.70888308244,78735,2016,4
274.3979721166,78735,2016,5
265.72657640561,78735,2016,6
261.13467656416,78735,2016,7
260.34712950601,78735,2016,8
257.81818181818,78735,2016,9
254.48038176034,78735,2016,10
252.83122594832,78735,2016,11
255.56320987112,78735,2016,12
259.0826556621,78735,2017,1
262.81100675564,78735,2017,2
261.95067309061,78735,2017,3
255.81129724725,78735,2017,4
260.34712950601,78735,2017,5
255.8730225855,78735,2017,6
254.70892116637,78735,2017,7
254.07478427613,78735,2017,8
270.35830618892,78735,2017,9
263.97115632243,78735,2017,10
265.00819401601,78735,2017,11
264.00924321202,78735,2017,12
263.56394213848,78735,2018,1
288.25041948585,78735,2018,2
265.58331312151,78735,2018,3
264.73526473526,78735,2018,4
116.87849517031,78736,2010,1
114.91698614124,78736,2010,2
115.39903341153,78736,2010,3
116.57085714286,78736,2010,4
119.55264172773,78736,2010,5
118.5393258427,78736,2010,6
117.6392221346,78736,2010,7
116.82242990654,78736,2010,8
114.56785779446,78736,2010,9
112.70138605957,78736,2010,10
113.12309406521,78736,2010,11
113.12309406521,78736,2010,12
111.92528735632,78736,2011,1
108.2750385208,78736,2011,2
101.30623948986,78736,2011,3
108.06068521042,78736,2011,4
106.17800062676,78736,2011,5
108.37070254111,78736,2011,6
109.76528943941,78736,2011,7
110.80889614418,78736,2011,8
104.7197640118,78736,2011,9
104.04807084124,78736,2011,10
100.10252911462,78736,2011,11
102.38244323766,78736,2011,12
97.958628198149,78736,2012,1
105.1283592135,78736,2012,2
114.35218324982,78736,2012,3
116.90666247803,78736,2012,4
118.90606420928,78736,2012,5
117.93510324484,78736,2012,6
116.40701269118,78736,2012,7
114.43877978565,78736,2012,8
117.93510324484,78736,2012,9
119.07899975012,78736,2012,10
123.38832068624,78736,2012,11
125.21729201572,78736,2012,12
128.04612990664,78736,2013,1
131.4042635597,78736,2013,2
131.23574037651,78736,2013,3
131.74045513163,78736,2013,4
132.73672055427,78736,2013,5
134.08476434052,78736,2013,6
132.79102734062,78736,2013,7
132.60333127699,78736,2013,8
132.58009048597,78736,2013,9
145.50464396285,78736,2013,10
142.9200266211,78736,2013,11
152.83025404157,78736,2013,12
156.78022712091,78736,2014,1
155.36556407952,78736,2014,2
159.27342256214,78736,2014,3
170.96999302163,78736,2014,4
164.37125748503,78736,2014,5
159.53807987177,78736,2014,6
159.40274414851,78736,2014,7
157.10919088767,78736,2014,8
154.61392697946,78736,2014,9
155.93586857558,78736,2014,10
153.8961038961,78736,2014,11
158.13686026452,78736,2014,12
181.85324576363,78736,2015,1
180.24696910442,78736,2015,2
178.45528455285,78736,2015,3
171.25478198746,78736,2015,4
169.20572916667,78736,2015,5
169.20572916667,78736,2015,6
165.86587277953,78736,2015,7
173.94938996837,78736,2015,8
180.01326914115,78736,2015,9
169.25757167721,78736,2015,10
166.48106904232,78736,2015,11
178.14726840855,78736,2015,12
171.77638563743,78736,2016,1
167.03910614525,78736,2016,2
159.58904109589,78736,2016,3
159.58904109589,78736,2016,4
173.89639954749,78736,2016,5
187.04074816299,78736,2016,6
187.04074816299,78736,2016,7
169.08212560386,78736,2016,8
173.16017316017,78736,2016,9
176.09489051095,78736,2016,10
179.14892456165,78736,2016,11
176.92642589742,78736,2016,12
176.02007982105,78736,2017,1
177.79069590376,78736,2017,2
181.5042761338,78736,2017,3
176.30176301763,78736,2017,4
170.15094042102,78736,2017,5
176.58926652931,78736,2017,6
182.72425249169,78736,2017,7
188.57720278574,78736,2017,8
185.40604825009,78736,2017,9
189.19780684036,78736,2017,10
196.33154432287,78736,2017,11
196.9592259848,78736,2017,12
197.02010092881,78736,2018,1
203.9817232376,78736,2018,2
204.56999409242,78736,2018,3
203.46779951213,78736,2018,4
110.45436741089,78737,2010,1
111.479254552,78737,2010,2
112.89071680376,78737,2010,3
114.94776119403,78737,2010,4
116.51616661812,78737,2010,5
116.51616661812,78737,2010,6
116.96983141082,78737,2010,7
115.25608023641,78737,2010,8
110.91400643216,78737,2010,9
109.26809062829,78737,2010,10
107.62777674371,78737,2010,11
107.28235372601,78737,2010,12
106.83985531075,78737,2011,1
107.51600342447,78737,2011,2
108.2255939451,78737,2011,3
108.63267670915,78737,2011,4
109.48247264425,78737,2011,5
109.48247264425,78737,2011,6
108.984375,78737,2011,7
108.38995067241,78737,2011,8
109.75094976783,78737,2011,9
111.99470610979,78737,2011,10
111.82693248611,78737,2011,11
111.70434506689,78737,2011,12
111.32881085395,78737,2012,1
108.99965385947,78737,2012,2
111.47050999944,78737,2012,3
111.32881085395,78737,2012,4
111.07759629004,78737,2012,5
112.40899565311,78737,2012,6
112.98601887452,78737,2012,7
113.63013540567,78737,2012,8
114.56582633053,78737,2012,9
114.15389675722,78737,2012,10
113.37868480726,78737,2012,11
113.68631650844,78737,2012,12
113.23658751099,78737,2013,1
114.64555300295,78737,2013,2
118.96652356037,78737,2013,3
117.59513534719,78737,2013,4
120.18791657538,78737,2013,5
122.53925175938,78737,2013,6
124.07037555819,78737,2013,7
126.31969066374,78737,2013,8
127.8606271777,78737,2013,9
128.48751835536,78737,2013,10
128.45806287952,78737,2013,11
129.33045023377,78737,2013,12
127.69424983612,78737,2014,1
130.58881578947,78737,2014,2
131.96480938416,78737,2014,3
132.43152207132,78737,2014,4
133.12431243124,78737,2014,5
135.15465094813,78737,2014,6
136.03615372904,78737,2014,7
136.06399502951,78737,2014,8
138.50230555471,78737,2014,9
139.92537313433,78737,2014,10
143.055541774,78737,2014,11
142.48729443185,78737,2014,12
144.49009278105,78737,2015,1
143.76350814073,78737,2015,2
144.74869320466,78737,2015,3
146.71750906828,78737,2015,4
146.55717839889,78737,2015,5
146.20518004606,78737,2015,6
146.21003848613,78737,2015,7
148.97707979627,78737,2015,8
148.05998481397,78737,2015,9
146.58648365418,78737,2015,10
146.54678420058,78737,2015,11
144.65899046157,78737,2015,12
147.42405832321,78737,2016,1
152.5564803805,78737,2016,2
154.24346756673,78737,2016,3
153.89579020014,78737,2016,4
155.4852780807,78737,2016,5
155.44271674043,78737,2016,6
155.29115606708,78737,2016,7
156.1872364846,78737,2016,8
164.48863636364,78737,2016,9
162.95025728988,78737,2016,10
160.74799021321,78737,2016,11
160.09883128573,78737,2016,12
159.2818834969,78737,2017,1
160.96778553351,78737,2017,2
159.29565929566,78737,2017,3
159.4669240916,78737,2017,4
161.06116256095,78737,2017,5
162.81806615776,78737,2017,6
161.31656428926,78737,2017,7
160.35392076296,78737,2017,8
164.29159265838,78737,2017,9
162.79069767442,78737,2017,10
163.73236196319,78737,2017,11
164.20051182133,78737,2017,12
164.26075755629,78737,2018,1
163.81604382017,78737,2018,2
165.83106686123,78737,2018,3
164.55804480652,78737,2018,4
139.57327914656,78738,2010,1
140.68054255774,78738,2010,2
146.89265536723,78738,2010,3
144.69977130745,78738,2010,4
147.23865030675,78738,2010,5
146.69926650367,78738,2010,6
147.35869966753,78738,2010,7
145.46716981492,78738,2010,8
142.41655027933,78738,2010,9
143.42884429784,78738,2010,10
145.48976166499,78738,2010,11
141.86199957977,78738,2010,12
139.54555391827,78738,2011,1
138.26043237808,78738,2011,2
140.48634855831,78738,2011,3
139.62703962704,78738,2011,4
141.3214075941,78738,2011,5
141.94669756663,78738,2011,6
141.6355721393,78738,2011,7
138.86112434493,78738,2011,8
138.8782358581,78738,2011,9
139.78965819457,78738,2011,10
130.84049918762,78738,2011,11
131.54718452194,78738,2011,12
131.87905096504,78738,2012,1
131.14692653673,78738,2012,2
132.04711347047,78738,2012,3
137.44014123043,78738,2012,4
138.93919793014,78738,2012,5
139.41377347752,78738,2012,6
142.81818630296,78738,2012,7
140.42203985932,78738,2012,8
140.31755032606,78738,2012,9
139.06040172904,78738,2012,10
140.92741141732,78738,2012,11
143.86574626619,78738,2012,12
143.20557491289,78738,2013,1
143.67740240291,78738,2013,2
149.65694682676,78738,2013,3
150.49456109284,78738,2013,4
151.55759718441,78738,2013,5
150.53846153846,78738,2013,6
152.72909364046,78738,2013,7
151.73485132739,78738,2013,8
148.60126818351,78738,2013,9
153.2219265292,78738,2013,10
155.68051434223,78738,2013,11
152.99885974914,78738,2013,12
153.72730573711,78738,2014,1
157.39467475565,78738,2014,2
157.98090040928,78738,2014,3
157.36054421769,78738,2014,4
157.49162278602,78738,2014,5
159.89243182514,78738,2014,6
161.26119199659,78738,2014,7
162.84007352941,78738,2014,8
161.63923374226,78738,2014,9
161.55580608794,78738,2014,10
162.78210267541,78738,2014,11
161.55580608794,78738,2014,12
161.65433118588,78738,2015,1
162.10884208936,78738,2015,2
162.16028539583,78738,2015,3
162.83075763287,78738,2015,4
164.64017085599,78738,2015,5
163.75760411792,78738,2015,6
164.612535459,78738,2015,7
159.09411643872,78738,2015,8
161.3445679455,78738,2015,9
161.76269688182,78738,2015,10
159.79045597915,78738,2015,11
158.89685384309,78738,2015,12
160.19052394084,78738,2016,1
166.4949118005,78738,2016,2
166.95771106651,78738,2016,3
167.77980165958,78738,2016,4
176.95873054944,78738,2016,5
171.56862745098,78738,2016,6
174.53914231823,78738,2016,7
174.98990190676,78738,2016,8
172.80018882741,78738,2016,9
172.07969208595,78738,2016,10
171.796566077,78738,2016,11
173.72578692494,78738,2016,12
171.62396086944,78738,2017,1
171.46627189035,78738,2017,2
176.36536721207,78738,2017,3
177.08807279818,78738,2017,4
176.80841539839,78738,2017,5
178.16026489396,78738,2017,6
177.12543174793,78738,2017,7
173.63476490189,78738,2017,8
176.61317629739,78738,2017,9
176.41454082955,78738,2017,10
173.6853958135,78738,2017,11
174.58942428275,78738,2017,12
174.76587867883,78738,2018,1
176.86980733321,78738,2018,2
177.91032496915,78738,2018,3
178.59781031526,78738,2018,4
119.72165310211,78739,2010,1
119.72274732199,78739,2010,2
118.61680739847,78739,2010,3
118.61680739847,78739,2010,4
120.02746174971,78739,2010,5
119.44519210337,78739,2010,6
119.43092474729,78739,2010,7
119.02041412938,78739,2010,8
118.76125114967,78739,2010,9
119.06466237175,78739,2010,10
117.89591913141,78739,2010,11
118.17572650186,78739,2010,12
119.68255155337,78739,2011,1
120.86659064994,78739,2011,2
122.89648138705,78739,2011,3
120.63004846527,78739,2011,4
120.29027196653,78739,2011,5
122.31946113974,78739,2011,6
122.25506756757,78739,2011,7
121.67466201483,78739,2011,8
119.63488843813,78739,2011,9
122.0456397718,78739,2011,10
122.79534109817,78739,2011,11
120.26264113893,78739,2011,12
120.77428906611,78739,2012,1
120.94555278471,78739,2012,2
121.64454277286,78739,2012,3
122.24788651183,78739,2012,4
121.47991196084,78739,2012,5
121.95121951219,78739,2012,6
122.21398266671,78739,2012,7
123.30278505118,78739,2012,8
123.48891132579,78739,2012,9
124.82168330956,78739,2012,10
125.12550200803,78739,2012,11
125.45454545454,78739,2012,12
129.20586107457,78739,2013,1
132.02660959745,78739,2013,2
136.26251390434,78739,2013,3
136.97682462816,78739,2013,4
136.0062858788,78739,2013,5
138.20276497696,78739,2013,6
137.73719623415,78739,2013,7
138.93290464649,78739,2013,8
139.30194657256,78739,2013,9
142.04545454545,78739,2013,10
145.31074438202,78739,2013,11
143.89104424996,78739,2013,12
144.63839862247,78739,2014,1
143.49611038737,78739,2014,2
147.27984511482,78739,2014,3
152.49662618084,78739,2014,4
154.16491449397,78739,2014,5
153.55051244509,78739,2014,6
157.09064776782,78739,2014,7
160.39228092376,78739,2014,8
159.42417739628,78739,2014,9
158.90669153029,78739,2014,10
158.41284228523,78739,2014,11
157.95454545455,78739,2014,12
160.65324724649,78739,2015,1
159.33852140078,78739,2015,2
160.56045322196,78739,2015,3
161.64506387598,78739,2015,4
158.21759723584,78739,2015,5
158.08864449856,78739,2015,6
158.21478382148,78739,2015,7
158.09623430962,78739,2015,8
160.50821031862,78739,2015,9
160.96431135179,78739,2015,10
160.92555331992,78739,2015,11
160.16157289042,78739,2015,12
160.78829549089,78739,2016,1
164.56023400142,78739,2016,2
166.09830508475,78739,2016,3
158.60301185517,78739,2016,4
164.41297396071,78739,2016,5
163.57896647223,78739,2016,6
160.77754103882,78739,2016,7
159.72619599931,78739,2016,8
158.45338341547,78739,2016,9
158.15090943362,78739,2016,10
158.70364183094,78739,2016,11
159.4009489917,78739,2016,12
160.72393300918,78739,2017,1
162.95692665891,78739,2017,2
172.79255013595,78739,2017,3
175.64110070258,78739,2017,4
177.9246206559,78739,2017,5
174.25688573766,78739,2017,6
170.14947575752,78739,2017,7
169.2573402418,78739,2017,8
172.47293586382,78739,2017,9
176.39538060232,78739,2017,10
177.58899676375,78739,2017,11
180.58969377544,78739,2017,12
182.37783895389,78739,2018,1
182.11397644062,78739,2018,2
182.71693987221,78739,2018,3
182.89085545723,78739,2018,4
166.48577449947,78741,2014,7
168.55659911023,78741,2014,8
168.14391280635,78741,2014,9
166.66666666667,78741,2014,10
163.83981693364,78741,2014,11
163.83981693364,78741,2014,12
172.41979309454,78741,2015,1
170.70480549199,78741,2015,2
173.94429159502,78741,2015,3
172.76159067746,78741,2015,4
171.96261682243,78741,2015,5
177.52584525271,78741,2015,6
175.71849413603,78741,2015,7
171.13733905579,78741,2015,8
175.45979273132,78741,2015,9
172.5111220959,78741,2015,10
173.36810730253,78741,2015,11
173.86195995785,78741,2015,12
171.78881008668,78741,2016,1
175.99110781771,78741,2016,2
182.29166666667,78741,2016,3
202.81456953642,78741,2016,4
198.33188296273,78741,2016,5
212.375,78741,2016,6
212.375,78741,2016,7
213.91065830721,78741,2016,8
213.91065830721,78741,2016,9
211.48358585859,78741,2016,10
213.69244554728,78741,2016,11
210.65182829889,78741,2016,12
211.40939597315,78741,2017,1
212.79461279461,78741,2017,2
204.86935866983,78741,2017,3
210.49304677623,78741,2017,4
213.11369509044,78741,2017,5
206.32728243272,78741,2017,6
208.72483221477,78741,2017,7
219.69065656566,78741,2017,8
205.47945205479,78741,2017,9
213.50427350427,78741,2017,10
216.946659276,78741,2017,11
207.99863612684,78741,2017,12
211.46924557013,78741,2018,1
194.8252688172,78741,2018,2
198.49662091048,78741,2018,3
209.53699545976,78741,2018,4
97.98399948316,78744,2013,9
101.29570284049,78744,2013,10
94.216881059162,78744,2013,11
99.352109181141,78744,2013,12
95.075978654345,78744,2014,1
97.329108193753,78744,2014,2
100.94294647941,78744,2014,3
105.66489361702,78744,2014,4
105.74468085106,78744,2014,5
108.01049842544,78744,2014,6
104.16666666667,78744,2014,7
115.82871226125,78744,2014,8
122.92125803489,78744,2014,9
120.37980546549,78744,2014,10
117.40322270576,78744,2014,11
119.64855829491,78744,2014,12
124.91084165478,78744,2015,1
125.88099219659,78744,2015,2
121.95121951219,78744,2015,3
122.71932439146,78744,2015,4
123.96694214876,78744,2015,5
122.36855912039,78744,2015,6
120.58222481934,78744,2015,7
122.34042553192,78744,2015,8
122.39533124937,78744,2015,9
123.93336461755,78744,2015,10
123.27694511874,78744,2015,11
118.86533665835,78744,2015,12
122.93617746798,78744,2016,1
123.52560844581,78744,2016,2
125.45562961399,78744,2016,3
130.59549891883,78744,2016,4
135.07481296758,78744,2016,5
137.50790305585,78744,2016,6
143.14512194105,78744,2016,7
141.07862482187,78744,2016,8
140.66912539515,78744,2016,9
139.14181375533,78744,2016,10
137.10666121782,78744,2016,11
138.06970509383,78744,2016,12
140.82414829659,78744,2017,1
142.20821073076,78744,2017,2
140.82414829659,78744,2017,3
139.592,78744,2017,4
137.55627009646,78744,2017,5
138.98679098679,78744,2017,6
142.86944444444,78744,2017,7
140.23990591925,78744,2017,8
136.59124950729,78744,2017,9
139.15190964612,78744,2017,10
137.75829680651,78744,2017,11
139.47528325841,78744,2017,12
136.47301266788,78744,2018,1
140.23990591925,78744,2018,2
142.65905927526,78744,2018,3
141.68213457077,78744,2018,4
126.17770767613,78745,2010,1
130.30153832501,78745,2010,2
130.46098810882,78745,2010,3
129.39393939394,78745,2010,4
128.30938575252,78745,2010,5
125.83808724832,78745,2010,6
125.27232726685,78745,2010,7
124.89879925223,78745,2010,8
127.33933103034,78745,2010,9
126.90476190476,78745,2010,10
127.24358974359,78745,2010,11
126.90476190476,78745,2010,12
126.60389966709,78745,2011,1
124.72,78745,2011,2
123.21917808219,78745,2011,3
120.98466505246,78745,2011,4
118.93434823977,78745,2011,5
120.12313163347,78745,2011,6
119.93736951983,78745,2011,7
118.6460807601,78745,2011,8
117.48120300752,78745,2011,9
118.52902716935,78745,2011,10
117.32026143791,78745,2011,11
116.38795986622,78745,2011,12
118.6524822695,78745,2012,1
119.25728322374,78745,2012,2
118.12320916905,78745,2012,3
119.17372881356,78745,2012,4
119.63780436734,78745,2012,5
123.52684547987,78745,2012,6
125.34544363527,78745,2012,7
124.21607948929,78745,2012,8
124.62841504885,78745,2012,9
122.44960717179,78745,2012,10
131.10250297974,78745,2012,11
132.38373904386,78745,2012,12
136.68169001124,78745,2013,1
136.46441073512,78745,2013,2
136.68207930503,78745,2013,3
139.79237288136,78745,2013,4
140.86814086814,78745,2013,5
143.22368190115,78745,2013,6
142.43973703433,78745,2013,7
144.33164128596,78745,2013,8
143.63636363636,78745,2013,9
144.48924731183,78745,2013,10
143.68789417013,78745,2013,11
144.73099415205,78745,2013,12
144.0329218107,78745,2014,1
144.73099415205,78745,2014,2
149.77252009316,78745,2014,3
152.01122544434,78745,2014,4
159.34065934066,78745,2014,5
160.38647342995,78745,2014,6
162.43345937433,78745,2014,7
170.30155634495,78745,2014,8
167.86447661338,78745,2014,9
165.10757717493,78745,2014,10
170.24849651744,78745,2014,11
164.47368421053,78745,2014,12
171.29887342611,78745,2015,1
173.35776974703,78745,2015,2
174.17023435448,78745,2015,3
175.73696145125,78745,2015,4
177.49209694415,78745,2015,5
175.84279367536,78745,2015,6
175.45216710613,78745,2015,7
176.01383386826,78745,2015,8
176.46564508156,78745,2015,9
177.90262172285,78745,2015,10
179.89129279497,78745,2015,11
178.1863583795,78745,2015,12
180.22182043086,78745,2016,1
183.28746928747,78745,2016,2
184.62179110327,78745,2016,3
192.18598285996,78745,2016,4
189.84301525699,78745,2016,5
189.06041625729,78745,2016,6
177.37617135208,78745,2016,7
190.07362355954,78745,2016,8
186.44076366137,78745,2016,9
193.22128851541,78745,2016,10
188.49840255591,78745,2016,11
186.73121563836,78745,2016,12
190.16393442623,78745,2017,1
195.42668316677,78745,2017,2
198.66385372715,78745,2017,3
204.93197278912,78745,2017,4
202.60080943124,78745,2017,5
211.16739965485,78745,2017,6
205.63779398209,78745,2017,7
205.31005719475,78745,2017,8
205.32735001993,78745,2017,9
206.8259720156,78745,2017,10
208.11936155448,78745,2017,11
208.34577114428,78745,2017,12
209.97666277713,78745,2018,1
214.32835820895,78745,2018,2
215.59448936807,78745,2018,3
220.36926742108,78745,2018,4
221.81627871577,78746,2010,1
219.54674220963,78746,2010,2
225.3488372093,78746,2010,3
224.53151618399,78746,2010,4
227.37696242724,78746,2010,5
227.38528972426,78746,2010,6
229.15707047444,78746,2010,7
233.93235151963,78746,2010,8
230.01550217657,78746,2010,9
225.51789077213,78746,2010,10
228.19971870605,78746,2010,11
228.20998718729,78746,2010,12
230.65989657096,78746,2011,1
231.11973148828,78746,2011,2
236.31350925561,78746,2011,3
239.36408433134,78746,2011,4
242.46339362618,78746,2011,5
239.29471032746,78746,2011,6
239.86486486487,78746,2011,7
243.78200438917,78746,2011,8
247.90322475012,78746,2011,9
251.59744408946,78746,2011,10
251.59744408946,78746,2011,11
251.51035980456,78746,2011,12
253.92870831736,78746,2012,1
247.95799299883,78746,2012,2
245.53045186641,78746,2012,3
243.96214099217,78746,2012,4
247.95321637427,78746,2012,5
249.17338770171,78746,2012,6
248.76305662452,78746,2012,7
254.13457415156,78746,2012,8
259.74749350167,78746,2012,9
268.49699398798,78746,2012,10
276.14671944944,78746,2012,11
284.09090909091,78746,2012,12
298.75929982004,78746,2013,1
294.05900229926,78746,2013,2
287.02803791478,78746,2013,3
286.88426630304,78746,2013,4
289.66324492716,78746,2013,5
285.35438360766,78746,2013,6
278.22784810127,78746,2013,7
275.94142259414,78746,2013,8
276.01454512108,78746,2013,9
281.45432692448,78746,2013,10
290.04854368932,78746,2013,11
296.25960750734,78746,2013,12
286.63032809384,78746,2014,1
290.90164351159,78746,2014,2
309.03854674347,78746,2014,3
302.9836973239,78746,2014,4
311.03744149766,78746,2014,5
308.64580473816,78746,2014,6
299.04063150549,78746,2014,7
297.42233972241,78746,2014,8
299.24701952721,78746,2014,9
312.54974794375,78746,2014,10
321.33995037221,78746,2014,11
332.93874175015,78746,2014,12
308.60349127182,78746,2015,1
316.04251012146,78746,2015,2
310.76147818958,78746,2015,3
318.36962750716,78746,2015,4
319.14893617021,78746,2015,5
316.8195183206,78746,2015,6
328.80276451187,78746,2015,7
336.74119953298,78746,2015,8
325.61015179015,78746,2015,9
326.57849367977,78746,2015,10
321.26581853948,78746,2015,11
328.69717043979,78746,2015,12
347.6897689769,78746,2016,1
349.2747919946,78746,2016,2
346.84333593141,78746,2016,3
346.4703334777,78746,2016,4
346.31368323842,78746,2016,5
357.85173675739,78746,2016,6
364.61228426969,78746,2016,7
362.14349127018,78746,2016,8
356.24375958851,78746,2016,9
352.37388724036,78746,2016,10
351.20741370408,78746,2016,11
355.6346494943,78746,2016,12
363.2930035114,78746,2017,1
356.56576683847,78746,2017,2
351.99793619838,78746,2017,3
358.88232621536,78746,2017,4
365.14336917563,78746,2017,5
361.14325642613,78746,2017,6
356.55539562982,78746,2017,7
353.70922353464,78746,2017,8
360.17849553761,78746,2017,9
360.17849553761,78746,2017,10
362.48236953456,78746,2017,11
368.27195467422,78746,2017,12
369.02844873859,78746,2018,1
369.2068957641,78746,2018,2
370.84257206208,78746,2018,3
373.328,78746,2018,4
102.10031889503,78747,2010,1
102.56219914474,78747,2010,2
101.46295422369,78747,2010,3
102.22337447022,78747,2010,4
101.76149422052,78747,2010,5
100.34158838599,78747,2010,6
99.455334374824,78747,2010,7
100.21489971347,78747,2010,8
95.082847781942,78747,2010,9
94.744136425443,78747,2010,10
99.96,78747,2010,11
98.689883332794,78747,2010,12
98.329557580139,78747,2011,1
100.62893081761,78747,2011,2
99.874310197087,78747,2011,3
100.28653295129,78747,2011,4
105.68793235972,78747,2011,5
104.15492957746,78747,2011,6
104.5137466478,78747,2011,7
93.878326996198,78747,2011,8
96.118863049096,78747,2011,9
89.374863538043,78747,2011,10
84.329466370237,78747,2011,11
83.579417940947,78747,2011,12
85.346914557127,78747,2012,1
86.064367816092,78747,2012,2
93.019622093023,78747,2012,3
87.939623536855,78747,2012,4
85.392628884409,78747,2012,5
87.232181897683,78747,2012,6
88.492414664981,78747,2012,7
89.282799578304,78747,2012,8
90.179030780125,78747,2012,9
91.69426986591,78747,2012,10
98.670470322805,78747,2012,11
100.08091954023,78747,2012,12
100.08091954023,78747,2013,1
100.43282671062,78747,2013,2
102.32041343669,78747,2013,3
101.76675094817,78747,2013,4
97.168239866741,78747,2013,5
99.957958376831,78747,2013,6
100.56603773585,78747,2013,7
98.528548579081,78747,2013,8
100.18968871595,78747,2013,9
109.9706744868,78747,2013,10
111.22106767827,78747,2013,11
106.953307393,78747,2013,12
111.22106767827,78747,2014,1
105.64359441409,78747,2014,2
107.65326888739,78747,2014,3
109.8005316392,78747,2014,4
122.25902439024,78747,2014,5
117.91974720529,78747,2014,6
120.28341463415,78747,2014,7
115.51403335381,78747,2014,8
116.99805363322,78747,2014,9
121.26439037404,78747,2014,10
119.53283138585,78747,2014,11
119.76598424517,78747,2014,12
119.41173520343,78747,2015,1
121.6894977169,78747,2015,2
123.1353898886,78747,2015,3
124.74630047412,78747,2015,4
124.60063897764,78747,2015,5
124.88235294118,78747,2015,6
123.53707224335,78747,2015,7
122.55059235287,78747,2015,8
127.69792443849,78747,2015,9
125.15664160401,78747,2015,10
122.12142358688,78747,2015,11
121.8671679198,78747,2015,12
126.05503011928,78747,2016,1
120.45521291413,78747,2016,2
126.05503011928,78747,2016,3
123.83578219533,78747,2016,4
125.90470446321,78747,2016,5
132.81665190434,78747,2016,6
132.71077826825,78747,2016,7
128.14311991756,78747,2016,8
130.21400072543,78747,2016,9
131.84366611819,78747,2016,10
131.72002978407,78747,2016,11
133.28255902513,78747,2016,12
130.81613508443,78747,2017,1
132.4559306792,78747,2017,2
136.421875,78747,2017,3
135.40793292486,78747,2017,4
128.57941834452,78747,2017,5
124.94194147701,78747,2017,6
127.17646519455,78747,2017,7
128.90517842545,78747,2017,8
131.78799546323,78747,2017,9
126.34545092186,78747,2017,10
125.64917564997,78747,2017,11
129.00065316786,78747,2017,12
128.15847234416,78747,2018,1
133.36566440349,78747,2018,2
134.81292915706,78747,2018,3
137.94080752646,78747,2018,4
106.84320922916,78748,2010,1
107.16411941228,78748,2010,2
107.48910675381,78748,2010,3
107.37473579254,78748,2010,4
107.37649644032,78748,2010,5
107.95629820051,78748,2010,6
107.86632390745,78748,2010,7
106.85534591195,78748,2010,8
107.8107851558,78748,2010,9
106.88796516231,78748,2010,10
106.03417303158,78748,2010,11
105.9424678274,78748,2010,12
107.719054242,78748,2011,1
107.8677023437,78748,2011,2
107.86632390745,78748,2011,3
107.719054242,78748,2011,4
107.71248415929,78748,2011,5
107.74092186478,78748,2011,6
107.30593607306,78748,2011,7
104.92040520984,78748,2011,8
102.97482837529,78748,2011,9
104.04280618312,78748,2011,10
102.15201745981,78748,2011,11
100.44642857143,78748,2011,12
103.20525968793,78748,2012,1
104.50947618416,78748,2012,2
103.83064516129,78748,2012,3
104.40442168085,78748,2012,4
104.38972162741,78748,2012,5
105.66343808503,78748,2012,6
107.24375546638,78748,2012,7
110.12491781723,78748,2012,8
107.78227848101,78748,2012,9
106.92337611824,78748,2012,10
111.08187134503,78748,2012,11
113.41631792586,78748,2012,12
119.23902942695,78748,2013,1
120.66973837449,78748,2013,2
120.98184263618,78748,2013,3
122.47599380485,78748,2013,4
122.23247232472,78748,2013,5
122.73834796019,78748,2013,6
122.79765082755,78748,2013,7
125.15440695955,78748,2013,8
126.85881557721,78748,2013,9
126.58468983722,78748,2013,10
126.57524613221,78748,2013,11
128.65090403338,78748,2013,12
129.32355185768,78748,2014,1
129.64169381107,78748,2014,2
131.05128205128,78748,2014,3
131.44204104271,78748,2014,4
131.45650389342,78748,2014,5
135.06291872801,78748,2014,6
130.32931121166,78748,2014,7
135.24264373124,78748,2014,8
137.21185510428,78748,2014,9
136.57274295572,78748,2014,10
139.146567718,78748,2014,11
142.40209057594,78748,2014,12
142.1165419275,78748,2015,1
137.14661061482,78748,2015,2
137.75743707094,78748,2015,3
139.49019607843,78748,2015,4
141.54531126872,78748,2015,5
142.79766536965,78748,2015,6
143.31313981733,78748,2015,7
146.71173799593,78748,2015,8
146.7731092437,78748,2015,9
145.6900474636,78748,2015,10
145.79929988331,78748,2015,11
146.74281364589,78748,2015,12
147.38673202935,78748,2016,1
152.01722114063,78748,2016,2
151.45784867788,78748,2016,3
151.11346765642,78748,2016,4
152.32636547539,78748,2016,5
152.65111346766,78748,2016,6
153.11027332705,78748,2016,7
154.3174143753,78748,2016,8
157.02430349733,78748,2016,9
154.26112745263,78748,2016,10
154.08805031446,78748,2016,11
157.38663484487,78748,2016,12
160.03152271759,78748,2017,1
161.36993004118,78748,2017,2
164.29353778751,78748,2017,3
162.84188971771,78748,2017,4
164.52442159383,78748,2017,5
166.40105759527,78748,2017,6
164.51612903226,78748,2017,7
165.86221794501,78748,2017,8
166.51248210743,78748,2017,9
165.0,78748,2017,10
162.27657572907,78748,2017,11
165.15216242833,78748,2017,12
166.66666666667,78748,2018,1
168.5928918659,78748,2018,2
167.15053763441,78748,2018,3
167.07290346274,78748,2018,4
116.39982691476,78749,2010,1
119.51596616594,78749,2010,2
120.31047865459,78749,2010,3
119.20901343736,78749,2010,4
118.54103343465,78749,2010,5
117.657923901,78749,2010,6
117.86556603774,78749,2010,7
119.2212962731,78749,2010,8
118.4811237928,78749,2010,9
116.43895755541,78749,2010,10
116.32803841891,78749,2010,11
115.74858757062,78749,2010,12
115.33446724063,78749,2011,1
115.33505154639,78749,2011,2
115.76654331272,78749,2011,3
116.81842190919,78749,2011,4
117.21294517929,78749,2011,5
116.59955765699,78749,2011,6
116.11992286782,78749,2011,7
116.14905882842,78749,2011,8
115.7523905385,78749,2011,9
114.81802426343,78749,2011,10
112.70983213429,78749,2011,11
113.44231867504,78749,2011,12
113.63417469692,78749,2012,1
115.03456427327,78749,2012,2
117.19258473767,78749,2012,3
119.42881869321,78749,2012,4
119.29046563193,78749,2012,5
119.25998807394,78749,2012,6
117.80104712042,78749,2012,7
119.69152064152,78749,2012,8
122.20762155059,78749,2012,9
121.55446468025,78749,2012,10
122.70450751252,78749,2012,11
124.68278894472,78749,2012,12
126.10460191982,78749,2013,1
126.58175105485,78749,2013,2
130.74204946996,78749,2013,3
128.52969814995,78749,2013,4
132.8777955604,78749,2013,5
136.66519239275,78749,2013,6
136.66519239275,78749,2013,7
136.50762847506,78749,2013,8
141.4322113975,78749,2013,9
139.27738927739,78749,2013,10
137.15380172495,78749,2013,11
134.56599897278,78749,2013,12
136.86037531915,78749,2014,1
142.20171294317,78749,2014,2
145.05067030545,78749,2014,3
145.0062117589,78749,2014,4
147.09064066994,78749,2014,5
146.99197860963,78749,2014,6
149.06380027739,78749,2014,7
148.78961822935,78749,2014,8
146.97726012202,78749,2014,9
147.38025567677,78749,2014,10
143.88489208633,78749,2014,11
143.52433131925,78749,2014,12
146.7803030303,78749,2015,1
154.32098765432,78749,2015,2
156.36531365314,78749,2015,3
156.82080200501,78749,2015,4
160.10146429501,78749,2015,5
156.87055417701,78749,2015,6
155.61450044209,78749,2015,7
158.15437066015,78749,2015,8
157.0,78749,2015,9
160.10385114669,78749,2015,10
161.71100678143,78749,2015,11
163.25642141924,78749,2015,12
164.08902301019,78749,2016,1
169.0103039918,78749,2016,2
170.08506616257,78749,2016,3
168.4412082153,78749,2016,4
168.65594187857,78749,2016,5
171.49344096872,78749,2016,6
169.14749661705,78749,2016,7
168.46609126675,78749,2016,8
168.8263610505,78749,2016,9
171.87733118579,78749,2016,10
174.75035663338,78749,2016,11
171.74115456238,78749,2016,12
175.47169811321,78749,2017,1
173.52941176471,78749,2017,2
175.51704863052,78749,2017,3
180.89009477669,78749,2017,4
181.50554069545,78749,2017,5
186.08684864658,78749,2017,6
177.1139023808,78749,2017,7
174.13452974619,78749,2017,8
172.85874749671,78749,2017,9
173.04197317179,78749,2017,10
173.72639695848,78749,2017,11
174.7572815534,78749,2017,12
184.39074585799,78749,2018,1
187.91627021884,78749,2018,2
186.92400702621,78749,2018,3
189.02590021516,78749,2018,4
126.23421354765,78750,2010,1
124.15602342082,78750,2010,2
126.09542356378,78750,2010,3
131.94660043465,78750,2010,4
132.16569778838,78750,2010,5
132.25806451613,78750,2010,6
132.25806451613,78750,2010,7
132.25741935484,78750,2010,8
131.26626847634,78750,2010,9
131.11639744644,78750,2010,10
129.63172587862,78750,2010,11
131.29767267267,78750,2010,12
139.22441195168,78750,2011,1
137.54045307443,78750,2011,2
136.47463298059,78750,2011,3
132.6346825037,78750,2011,4
131.58933859822,78750,2011,5
129.0410665397,78750,2011,6
128.96774193548,78750,2011,7
128.96774193548,78750,2011,8
130.31711555169,78750,2011,9
129.74683544304,78750,2011,10
124.34172668219,78750,2011,11
122.22930035684,78750,2011,12
122.23045572434,78750,2012,1
123.23844884488,78750,2012,2
126.12632471386,78750,2012,3
128.99646754101,78750,2012,4
132.88954635108,78750,2012,5
133.74885983582,78750,2012,6
131.2761840495,78750,2012,7
131.78879310345,78750,2012,8
130.05159071367,78750,2012,9
130.6631648063,78750,2012,10
139.31888544892,78750,2012,11
141.74311926606,78750,2012,12
137.72301049909,78750,2013,1
149.44,78750,2013,2
151.84894878498,78750,2013,3
149.05130007027,78750,2013,4
150.15441241904,78750,2013,5
147.14105419451,78750,2013,6
149.38447806868,78750,2013,7
147.58304042179,78750,2013,8
142.31238296064,78750,2013,9
147.16927154227,78750,2013,10
141.74311926606,78750,2013,11
141.40566430654,78750,2013,12
151.44454799627,78750,2014,1
150.59335090104,78750,2014,2
146.65757162347,78750,2014,3
146.52051945123,78750,2014,4
151.80533611328,78750,2014,5
161.00961538461,78750,2014,6
167.33870967742,78750,2014,7
166.4476565922,78750,2014,8
168.06846383077,78750,2014,9
161.49117363122,78750,2014,10
160.97568870865,78750,2014,11
160.26541425094,78750,2014,12
157.71523394588,78750,2015,1
161.66666666667,78750,2015,2
172.28029423151,78750,2015,3
174.86662714878,78750,2015,4
171.73034376924,78750,2015,5
161.62943495401,78750,2015,6
160.67097009632,78750,2015,7
161.83891992551,78750,2015,8
159.88881962929,78750,2015,9
166.97286012526,78750,2015,10
171.58026561888,78750,2015,11
168.98885137014,78750,2015,12
171.08711474236,78750,2016,1
179.10244644525,78750,2016,2
179.96274447947,78750,2016,3
187.44800564063,78750,2016,4
184.7936687394,78750,2016,5
187.34812319477,78750,2016,6
186.19747181414,78750,2016,7
189.64562569214,78750,2016,8
184.35771358328,78750,2016,9
181.0032806761,78750,2016,10
180.67043544716,78750,2016,11
180.12772351615,78750,2016,12
178.78250591017,78750,2017,1
184.97438816164,78750,2017,2
186.73153166717,78750,2017,3
186.95306284805,78750,2017,4
194.35173007159,78750,2017,5
194.58212517862,78750,2017,6
192.52709640616,78750,2017,7
187.33301161387,78750,2017,8
186.39480508356,78750,2017,9
189.58326732238,78750,2017,10
190.78432840807,78750,2017,11
185.82307699729,78750,2017,12
182.48175182482,78750,2018,1
186.34826123755,78750,2018,2
185.82236842105,78750,2018,3
190.14957264957,78750,2018,4
231.10887096774,78751,2010,1
233.02696078431,78751,2010,2
239.24781292017,78751,2010,3
244.74557009886,78751,2010,4
244.15584415584,78751,2010,5
235.49897570969,78751,2010,6
230.73647427721,78751,2010,7
234.14109281437,78751,2010,8
217.64146675902,78751,2010,9
209.53757225434,78751,2010,10
205.94224103105,78751,2010,11
209.34149977035,78751,2010,12
210.52384087275,78751,2011,1
209.53757225434,78751,2011,2
213.15537014695,78751,2011,3
213.99782135076,78751,2011,4
222.13675213675,78751,2011,5
227.94117647059,78751,2011,6
225.99734042553,78751,2011,7
222.83008686267,78751,2011,8
217.33460764732,78751,2011,9
217.96793806898,78751,2011,10
217.82178217822,78751,2011,11
214.99717034522,78751,2011,12
219.23076923077,78751,2012,1
233.34910513239,78751,2012,2
229.83019015572,78751,2012,3
238.77851361295,78751,2012,4
238.29431438127,78751,2012,5
223.87304711255,78751,2012,6
225.24992656731,78751,2012,7
215.81196581197,78751,2012,8
225.3488372093,78751,2012,9
242.9052711914,78751,2012,10
222.40652765506,78751,2012,11
248.34182942895,78751,2012,12
245.82185558551,78751,2013,1
247.21383776814,78751,2013,2
243.30867930696,78751,2013,3
247.71714922049,78751,2013,4
256.23977787702,78751,2013,5
257.03447757038,78751,2013,6
257.54204089273,78751,2013,7
263.30371084052,78751,2013,8
262.7358490566,78751,2013,9
268.77843996197,78751,2013,10
268.45965770171,78751,2013,11
275.16233766234,78751,2013,12
275.16233766234,78751,2014,1
287.76661545684,78751,2014,2
301.25634978229,78751,2014,3
299.83974358974,78751,2014,4
308.94599950458,78751,2014,5
308.64135802469,78751,2014,6
297.39566294963,78751,2014,7
291.66273881347,78751,2014,8
289.52205882353,78751,2014,9
299.36377245509,78751,2014,10
295.42755344418,78751,2014,11
297.8757387767,78751,2014,12
302.63597693067,78751,2015,1
309.21902716853,78751,2015,2
299.79919307077,78751,2015,3
289.52205882353,78751,2015,4
298.29545454546,78751,2015,5
299.3690851735,78751,2015,6
308.64197530864,78751,2015,7
303.87804878049,78751,2015,8
315.68228105906,78751,2015,9
321.02388013111,78751,2015,10
313.95454545454,78751,2015,11
303.0303030303,78751,2015,12
308.64197530864,78751,2016,1
314.84962406015,78751,2016,2
316.82078518444,78751,2016,3
318.0,78751,2016,4
313.97325208818,78751,2016,5
324.84186239172,78751,2016,6
316.83333333333,78751,2016,7
331.61004431315,78751,2016,8
325.34828406388,78751,2016,9
312.40540540541,78751,2016,10
310.81081081081,78751,2016,11
326.02820211516,78751,2016,12
324.9,78751,2017,1
316.49378670387,78751,2017,2
329.11766452839,78751,2017,3
323.66097704532,78751,2017,4
327.80054644809,78751,2017,5
327.80054644809,78751,2017,6
332.35238717737,78751,2017,7
327.47449197404,78751,2017,8
337.96296296296,78751,2017,9
341.42305570877,78751,2017,10
337.96296296296,78751,2017,11
336.39469536726,78751,2017,12
331.61004431315,78751,2018,1
337.98449612403,78751,2018,2
339.09195188492,78751,2018,3
353.50966429298,78751,2018,4
216.72771672772,78752,2016,4
205.1282051282,78752,2016,5
213.33333333333,78752,2016,6
233.48909657321,78752,2016,7
247.41249111585,78752,2016,8
233.23913681738,78752,2016,9
233.42013888889,78752,2016,10
232.70009252834,78752,2016,11
226.5625,78752,2016,12
238.18073010174,78752,2017,1
214.21370967742,78752,2017,2
206.85682335808,78752,2017,3
217.80424048795,78752,2017,4
230.0,78752,2017,5
244.91142588031,78752,2017,6
256.37622453963,78752,2017,7
254.60944008733,78752,2017,8
256.65488810365,78752,2017,9
256.65488810365,78752,2017,10
258.62068965517,78752,2017,11
259.70602828082,78752,2017,12
258.62068965517,78752,2018,1
258.72312750506,78752,2018,2
279.593318809,78752,2018,3
282.41430700447,78752,2018,4
91.259842519685,78753,2010,1
90.039670160425,78753,2010,2
92.892768079801,78753,2010,3
92.892768079801,78753,2010,4
91.972553162695,78753,2010,5
92.036836403034,78753,2010,6
92.948090107737,78753,2010,7
93.117408906883,78753,2010,8
93.015770840039,78753,2010,9
91.59964253798,78753,2010,10
90.273375927072,78753,2010,11
92.033809890239,78753,2010,12
89.142091152815,78753,2011,1
88.164011312789,78753,2011,2
87.298387096774,78753,2011,3
86.805555555556,78753,2011,4
86.639469658338,78753,2011,5
86.327554179567,78753,2011,6
82.288320566675,78753,2011,7
80.85037495758,78753,2011,8
80.922242314647,78753,2011,9
80.552990284807,78753,2011,10
79.713595583161,78753,2011,11
80.074189095928,78753,2011,12
82.721878224974,78753,2012,1
79.84022556391,78753,2012,2
81.019918689651,78753,2012,3
85.700667302193,78753,2012,4
84.830243882418,78753,2012,5
84.574898785425,78753,2012,6
80.184945512487,78753,2012,7
80.060195635816,78753,2012,8
78.325123152709,78753,2012,9
80.030097817908,78753,2012,10
86.09950756754,78753,2012,11
83.964253220843,78753,2012,12
84.307976622915,78753,2013,1
89.641434262948,78753,2013,2
94.267025847993,78753,2013,3
100.94246638661,78753,2013,4
101.0545010545,78753,2013,5
103.53130016051,78753,2013,6
102.08182221747,78753,2013,7
104.05372811496,78753,2013,8
109.94077553699,78753,2013,9
107.35537190083,78753,2013,10
107.14285714286,78753,2013,11
107.22996515679,78753,2013,12
102.35947258848,78753,2014,1
117.4662607769,78753,2014,2
116.4267569856,78753,2014,3
112.77292576419,78753,2014,4
119.6138996139,78753,2014,5
108.80640465793,78753,2014,6
112.74110170277,78753,2014,7
120.07123675711,78753,2014,8
120.758146552,78753,2014,9
114.60470730235,78753,2014,10
116.28696073679,78753,2014,11
110.23918224071,78753,2014,12
114.52599388379,78753,2015,1
116.1449752883,78753,2015,2
114.39466158246,78753,2015,3
116.5679860779,78753,2015,4
119.87597535698,78753,2015,5
123.05142739782,78753,2015,6
120.36110921152,78753,2015,7
121.95121951219,78753,2015,8
124.11885948733,78753,2015,9
125.43286374861,78753,2015,10
127.22391857506,78753,2015,11
125.37599601594,78753,2015,12
121.59367396594,78753,2016,1
123.60979548737,78753,2016,2
135.30800099756,78753,2016,3
130.7372175981,78753,2016,4
133.83969465649,78753,2016,5
132.07136395092,78753,2016,6
134.93452758693,78753,2016,7
137.94661733615,78753,2016,8
140.06093577456,78753,2016,9
145.70552147239,78753,2016,10
140.18748967568,78753,2016,11
136.01021839983,78753,2016,12
144.16058394161,78753,2017,1
138.75396544827,78753,2017,2
138.20447014816,78753,2017,3
141.30301167793,78753,2017,4
143.2972972973,78753,2017,5
147.87667410714,78753,2017,6
143.2972972973,78753,2017,7
152.05148833467,78753,2017,8
153.47992916175,78753,2017,9
153.47992916175,78753,2017,10
149.61915125136,78753,2017,11
153.39376770538,78753,2017,12
149.42577760985,78753,2018,1
149.32992980217,78753,2018,2
153.96309054095,78753,2018,3
158.70786516854,78753,2018,4
86.631258316954,78754,2010,1
84.768983527521,78754,2010,2
84.022988505747,78754,2010,3
82.960644007156,78754,2010,4
84.395986016634,78754,2010,5
82.960644007156,78754,2010,6
84.205690335102,78754,2010,7
83.797287651677,78754,2010,8
82.788771283939,78754,2010,9
80.286757038582,78754,2010,10
80.346317637555,78754,2010,11
79.595449220176,78754,2010,12
82.47203633342,78754,2011,1
80.743731406715,78754,2011,2
79.32963109877,78754,2011,3
81.067472306143,78754,2011,4
81.463009143807,78754,2011,5
82.581509602501,78754,2011,6
80.731969860065,78754,2011,7
80.652080652081,78754,2011,8
80.397967823878,78754,2011,9
79.289258579302,78754,2011,10
78.704487722269,78754,2011,11
74.013157894737,78754,2011,12
78.191489361702,78754,2012,1
76.196526895383,78754,2012,2
78.693467336683,78754,2012,3
78.609625668449,78754,2012,4
79.494605337876,78754,2012,5
81.668418537984,78754,2012,6
82.909785826626,78754,2012,7
82.909785826626,78754,2012,8
76.89823627594,78754,2012,9
80.157258819013,78754,2012,10
81.99481865285,78754,2012,11
84.319175515303,78754,2012,12
85.764430577223,78754,2013,1
83.183095748896,78754,2013,2
84.652671965715,78754,2013,3
87.694735405507,78754,2013,4
89.478417266187,78754,2013,5
91.444764494843,78754,2013,6
89.385775862069,78754,2013,7
93.377465266427,78754,2013,8
94.937519519051,78754,2013,9
90.202939118264,78754,2013,10
94.367015098722,78754,2013,11
96.75701839303,78754,2013,12
95.517866099972,78754,2014,1
99.693772516727,78754,2014,2
95.81881533101,78754,2014,3
95.61169758489,78754,2014,4
96.33734939759,78754,2014,5
99.667497921862,78754,2014,6
101.32733868302,78754,2014,7
103.82210078931,78754,2014,8
97.495331376698,78754,2014,9
91.915920336973,78754,2014,10
101.47727272727,78754,2014,11
101.98827129016,78754,2014,12
101.88730830861,78754,2015,1
104.9882629108,78754,2015,2
107.11697467862,78754,2015,3
104.42079185089,78754,2015,4
106.00522193212,78754,2015,5
103.58461538462,78754,2015,6
105.99807762634,78754,2015,7
106.44361334868,78754,2015,8
107.98394485899,78754,2015,9
111.51955602537,78754,2015,10
112.5766384778,78754,2015,11
112.57268424611,78754,2015,12
115.0011504832,78754,2016,1
114.16226215645,78754,2016,2
116.24693129041,78754,2016,3
119.32064971496,78754,2016,4
122.90497278086,78754,2016,5
119.45525291829,78754,2016,6
116.4484922757,78754,2016,7
118.16139381352,78754,2016,8
118.57604396177,78754,2016,9
121.29944704381,78754,2016,10
118.22421102214,78754,2016,11
118.67905056759,78754,2016,12
122.61333333333,78754,2017,1
122.11239897916,78754,2017,2
127.00301204819,78754,2017,3
126.28327353198,78754,2017,4
125.95323533898,78754,2017,5
123.65143369176,78754,2017,6
121.80874600612,78754,2017,7
123.65143369176,78754,2017,8
121.46351750316,78754,2017,9
122.33554309026,78754,2017,10
122.77227722772,78754,2017,11
121.40350877193,78754,2017,12
123.49896462475,78754,2018,1
122.40152477764,78754,2018,2
126.83153770813,78754,2018,3
129.78057889823,78754,2018,4
323.4398782344,78756,2016,2
300.04318534793,78756,2016,3
304.47025695178,78756,2016,4
297.55952380952,78756,2016,5
306.37182005238,78756,2016,6
325.23738097766,78756,2016,7
318.11286769973,78756,2016,8
323.60097323601,78756,2016,9
322.31265108783,78756,2016,10
318.08162603643,78756,2016,11
316.35452576521,78756,2016,12
312.61180679785,78756,2017,1
324.32432432432,78756,2017,2
326.71568627451,78756,2017,3
330.42394014963,78756,2017,4
337.17991656194,78756,2017,5
343.1770542084,78756,2017,6
327.46160794941,78756,2017,7
329.1059699314,78756,2017,8
315.71815718157,78756,2017,9
292.30118443316,78756,2017,10
293.51092025349,78756,2017,11
315.71815718157,78756,2017,12
169.7815244554,78757,2010,1
170.92745418357,78757,2010,2
169.64572687,78757,2010,3
169.09547738693,78757,2010,4
169.10095384932,78757,2010,5
170.12698412698,78757,2010,6
170.83333333333,78757,2010,7
172.08222811671,78757,2010,8
175.44642857143,78757,2010,9
173.90987124464,78757,2010,10
172.73924843472,78757,2010,11
170.70879590094,78757,2010,12
166.66666666667,78757,2011,1
168.93039049236,78757,2011,2
176.16875712657,78757,2011,3
174.20905086103,78757,2011,4
175.53434166492,78757,2011,5
180.36797169518,78757,2011,6
182.79120643879,78757,2011,7
179.11784975879,78757,2011,8
176.39512508018,78757,2011,9
174.09753008233,78757,2011,10
177.01260911736,78757,2011,11
177.01260911736,78757,2011,12
180.99231306779,78757,2012,1
180.75988185247,78757,2012,2
179.00001032727,78757,2012,3
178.00322666261,78757,2012,4
176.4557741445,78757,2012,5
182.75462962963,78757,2012,6
176.60869565217,78757,2012,7
175.96726190476,78757,2012,8
179.58412098299,78757,2012,9
182.36401298847,78757,2012,10
184.41704035874,78757,2012,11
187.4637748181,78757,2012,12
188.21356117353,78757,2013,1
190.85648148148,78757,2013,2
189.96188055908,78757,2013,3
190.05069708492,78757,2013,4
197.94344473008,78757,2013,5
197.94344473008,78757,2013,6
205.90781806101,78757,2013,7
192.59259259259,78757,2013,8
192.59259259259,78757,2013,9
199.84443678359,78757,2013,10
202.3689516129,78757,2013,11
197.81912030921,78757,2013,12
197.36842105263,78757,2014,1
196.76923076923,78757,2014,2
197.36842105263,78757,2014,3
218.77298178578,78757,2014,4
215.14900662252,78757,2014,5
229.99581064097,78757,2014,6
228.55353788353,78757,2014,7
241.89813284864,78757,2014,8
240.15110631409,78757,2014,9
233.72370643329,78757,2014,10
230.53062071376,78757,2014,11
241.69657668296,78757,2014,12
247.90069368383,78757,2015,1
247.90069368383,78757,2015,2
246.62300431343,78757,2015,3
246.46075127572,78757,2015,4
247.26854514089,78757,2015,5
250.55803571429,78757,2015,6
251.7627308338,78757,2015,7
255.6905370844,78757,2015,8
257.77955710586,78757,2015,9
259.16193181818,78757,2015,10
249.18524044985,78757,2015,11
256.25179474457,78757,2015,12
265.08930913209,78757,2016,1
266.61493287743,78757,2016,2
256.55526992288,78757,2016,3
267.27861771058,78757,2016,4
273.30693831705,78757,2016,5
281.87096868823,78757,2016,6
280.88201788893,78757,2016,7
288.51004257682,78757,2016,8
293.03448275862,78757,2016,9
288.39187187029,78757,2016,10
288.57157191691,78757,2016,11
287.83902012249,78757,2016,12
280.06573161415,78757,2017,1
282.70633066054,78757,2017,2
289.70460424211,78757,2017,3
298.78005863999,78757,2017,4
300.92228977613,78757,2017,5
291.85821164594,78757,2017,6
295.08196721311,78757,2017,7
295.37859994116,78757,2017,8
293.91483767149,78757,2017,9
288.53950523762,78757,2017,10
290.37952338923,78757,2017,11
288.66290679802,78757,2017,12
288.61855670103,78757,2018,1
292.76162498703,78757,2018,2
302.77633775136,78757,2018,3
294.33662989941,78757,2018,4
98.211091234347,78758,2010,1
100.36473776012,78758,2010,2
101.5111695138,78758,2010,3
100.69767441861,78758,2010,4
99.486521181001,78758,2010,5
98.608151017458,78758,2010,6
97.515472700393,78758,2010,7
97.610859024106,78758,2010,8
99.693251533742,78758,2010,9
99.152453449328,78758,2010,10
99.499374217772,78758,2010,11
99.374217772215,78758,2010,12
99.309153713299,78758,2011,1
100.18414762211,78758,2011,2
99.229955014554,78758,2011,3
98.735135135135,78758,2011,4
98.709343883357,78758,2011,5
98.318901222179,78758,2011,6
98.954463926643,78758,2011,7
98.240185802884,78758,2011,8
91.92607003891,78758,2011,9
91.426657736102,78758,2011,10
90.592334494773,78758,2011,11
90.536462996,78758,2011,12
91.426657736102,78758,2012,1
88.953601185936,78758,2012,2
87.123572170301,78758,2012,3
86.14222468509,78758,2012,4
87.990520282187,78758,2012,5
91.196498054475,78758,2012,6
93.0,78758,2012,7
93.796358732299,78758,2012,8
95.555555555556,78758,2012,9
98.557692307692,78758,2012,10
106.87342833194,78758,2012,11
107.74509803922,78758,2012,12
105.26315789474,78758,2013,1
104.96671786994,78758,2013,2
106.07243107712,78758,2013,3
109.45189330181,78758,2013,4
108.13953488372,78758,2013,5
111.20885510866,78758,2013,6
110.74168797954,78758,2013,7
107.03148497525,78758,2013,8
106.66912306559,78758,2013,9
107.68748520589,78758,2013,10
109.41828254848,78758,2013,11
113.58040127944,78758,2013,12
120.24062278839,78758,2014,1
120.24062278839,78758,2014,2
118.26347305389,78758,2014,3
121.96215139442,78758,2014,4
121.91857569721,78758,2014,5
117.41617158768,78758,2014,6
118.26347305389,78758,2014,7
122.40356083086,78758,2014,8
118.39207048458,78758,2014,9
122.74549098196,78758,2014,10
126.86409307245,78758,2014,11
121.45850796312,78758,2014,12
127.69789101379,78758,2015,1
127.34147760326,78758,2015,2
125.59625212947,78758,2015,3
130.97568032919,78758,2015,4
135.48279717283,78758,2015,5
135.61751787913,78758,2015,6
135.73000733676,78758,2015,7
137.89046653144,78758,2015,8
135.27764815679,78758,2015,9
143.72091636317,78758,2015,10
139.54225352113,78758,2015,11
139.4422310757,78758,2015,12
140.69028156222,78758,2016,1
136.21620549668,78758,2016,2
140.70442221823,78758,2016,3
140.71856287425,78758,2016,4
141.36810695714,78758,2016,5
149.29742388759,78758,2016,6
148.03066349458,78758,2016,7
152.28121827411,78758,2016,8
155.00255062435,78758,2016,9
156.30238166304,78758,2016,10
156.30238166304,78758,2016,11
151.5514809591,78758,2016,12
152.04692692023,78758,2017,1
157.01570680628,78758,2017,2
163.81429221666,78758,2017,3
162.08453016003,78758,2017,4
165.72123176661,78758,2017,5
167.9462571977,78758,2017,6
175.04005907048,78758,2017,7
175.04005907048,78758,2017,8
179.52780381517,78758,2017,9
178.03441360303,78758,2017,10
179.83490566038,78758,2017,11
169.55128205128,78758,2017,12
179.77577333035,78758,2018,1
179.26356589147,78758,2018,2
177.05064993277,78758,2018,3
187.24357676446,78758,2018,4
151.30618519249,78759,2010,1
148.73061090562,78759,2010,2
150.87674697539,78759,2010,3
150.32017311429,78759,2010,4
152.27637548775,78759,2010,5
149.93123477753,78759,2010,6
148.33187006146,78759,2010,7
150.84490042245,78759,2010,8
138.42966374884,78759,2010,9
135.9271044258,78759,2010,10
134.12297312188,78759,2010,11
131.91181785327,78759,2010,12
142.19694276573,78759,2011,1
142.39258714373,78759,2011,2
144.1964641998,78759,2011,3
143.68967802365,78759,2011,4
145.91938212054,78759,2011,5
145.94941898967,78759,2011,6
145.81886422977,78759,2011,7
145.09990485252,78759,2011,8
145.25828575959,78759,2011,9
145.88772845953,78759,2011,10
146.78879310345,78759,2011,11
146.66666666667,78759,2011,12
143.88531304857,78759,2012,1
143.2664756447,78759,2012,2
148.0014803849,78759,2012,3
151.31946990862,78759,2012,4
153.2771176696,78759,2012,5
153.00230946882,78759,2012,6
151.63472378805,78759,2012,7
150.92690677966,78759,2012,8
150.1029054895,78759,2012,9
148.22112091893,78759,2012,10
152.11014586015,78759,2012,11
155.36802511679,78759,2012,12
161.78929765886,78759,2013,1
163.29061595701,78759,2013,2
163.07890597053,78759,2013,3
167.49038989566,78759,2013,4
172.50554323725,78759,2013,5
169.17042802384,78759,2013,6
170.15431164902,78759,2013,7
172.71853546911,78759,2013,8
174.96081504702,78759,2013,9
172.98353877944,78759,2013,10
174.43108702678,78759,2013,11
173.03149606299,78759,2013,12
172.98024620479,78759,2014,1
178.26825127334,78759,2014,2
188.34080717489,78759,2014,3
188.77911079746,78759,2014,4
187.34535171439,78759,2014,5
188.51952007708,78759,2014,6
187.70962332301,78759,2014,7
196.21671000068,78759,2014,8
192.61637239165,78759,2014,9
184.42361720141,78759,2014,10
183.70442129336,78759,2014,11
187.65331152903,78759,2014,12
192.11037488075,78759,2015,1
198.2579988015,78759,2015,2
197.30733519034,78759,2015,3
200.05634509876,78759,2015,4
200.51027465318,78759,2015,5
200.6196746708,78759,2015,6
204.34189859253,78759,2015,7
205.75765133431,78759,2015,8
213.00236406619,78759,2015,9
200.9952271046,78759,2015,10
205.69659684767,78759,2015,11
207.82721662878,78759,2015,12
203.48837209302,78759,2016,1
205.21712534265,78759,2016,2
207.72038180797,78759,2016,3
208.33333333333,78759,2016,4
210.56081011617,78759,2016,5
220.036877689,78759,2016,6
221.71492139528,78759,2016,7
221.16460321635,78759,2016,8
211.32075471698,78759,2016,9
213.82516348944,78759,2016,10
213.36515513126,78759,2016,11
214.20914665271,78759,2016,12
211.44015792275,78759,2017,1
219.31748933577,78759,2017,2
221.30532633158,78759,2017,3
220.80891316579,78759,2017,4
221.01492095855,78759,2017,5
217.72726318181,78759,2017,6
219.23558897243,78759,2017,7
222.78394399698,78759,2017,8
222.16496451754,78759,2017,9
223.08917621573,78759,2017,10
222.82765737874,78759,2017,11
221.89039322811,78759,2017,12
218.07980049875,78759,2018,1
218.1541492866,78759,2018,2
224.25205113684,78759,2018,3
226.35633442862,78759,2018,4
