Sales,Zip Code,Year,Month
88.0,78701,2008,6
81.0,78701,2008,7
71.0,78701,2008,8
40.0,78701,2008,9
36.0,78701,2008,10
8.0,78701,2008,11
6.0,78701,2008,12
1.0,78701,2009,1
7.0,78701,2009,2
9.0,78701,2009,3
4.0,78701,2009,4
9.0,78701,2009,5
16.0,78701,2009,6
16.0,78701,2009,7
13.0,78701,2009,8
17.0,78701,2009,9
11.0,78701,2009,10
13.0,78701,2009,11
10.0,78701,2009,12
2.0,78701,2010,1
4.0,78701,2010,2
12.0,78701,2010,3
6.0,78701,2010,4
16.0,78701,2010,5
21.0,78701,2010,6
15.0,78701,2010,7
16.0,78701,2010,8
17.0,78701,2010,9
14.0,78701,2010,10
8.0,78701,2010,11
15.0,78701,2010,12
12.0,78701,2011,1
11.0,78701,2011,2
15.0,78701,2011,3
17.0,78701,2011,4
20.0,78701,2011,5
28.0,78701,2011,6
17.0,78701,2011,7
24.0,78701,2011,8
14.0,78701,2011,9
9.0,78701,2011,10
7.0,78701,2011,11
14.0,78701,2011,12
8.0,78701,2012,1
8.0,78701,2012,2
67.0,78701,2012,3
14.0,78701,2012,4
21.0,78701,2012,5
26.0,78701,2012,6
23.0,78701,2012,7
19.0,78701,2012,8
10.0,78701,2012,9
18.0,78701,2012,10
12.0,78701,2012,11
16.0,78701,2012,12
16.0,78701,2013,1
11.0,78701,2013,2
11.0,78701,2013,3
34.0,78701,2013,4
32.0,78701,2013,5
22.0,78701,2013,6
18.0,78701,2013,7
14.0,78701,2013,8
9.0,78701,2013,9
16.0,78701,2013,10
13.0,78701,2013,11
17.0,78701,2013,12
7.0,78701,2014,1
10.0,78701,2014,2
16.0,78701,2014,3
23.0,78701,2014,4
28.0,78701,2014,5
12.0,78701,2014,6
12.0,78701,2014,7
14.0,78701,2014,8
11.0,78701,2014,9
10.0,78701,2014,10
15.0,78701,2014,11
1.0,78701,2014,12
8.0,78701,2015,1
11.0,78701,2015,2
6.0,78701,2015,3
20.0,78701,2015,4
11.0,78701,2015,5
20.0,78701,2015,6
14.0,78701,2015,7
15.0,78701,2015,8
14.0,78701,2015,9
8.0,78701,2015,10
13.0,78701,2015,11
8.0,78701,2015,12
11.0,78701,2016,1
13.0,78701,2016,2
33.0,78701,2016,3
46.0,78701,2016,4
43.0,78701,2016,5
25.0,78702,2008,6
31.0,78702,2008,7
28.0,78702,2008,8
27.0,78702,2008,9
20.0,78702,2008,10
23.0,78702,2008,11
7.0,78702,2008,12
9.0,78702,2009,1
14.0,78702,2009,2
16.0,78702,2009,3
16.0,78702,2009,4
17.0,78702,2009,5
24.0,78702,2009,6
28.0,78702,2009,7
10.0,78702,2009,8
16.0,78702,2009,9
15.0,78702,2009,10
22.0,78702,2009,11
22.0,78702,2009,12
16.0,78702,2010,1
12.0,78702,2010,2
24.0,78702,2010,3
19.0,78702,2010,4
25.0,78702,2010,5
25.0,78702,2010,6
15.0,78702,2010,7
22.0,78702,2010,8
11.0,78702,2010,9
8.0,78702,2010,10
15.0,78702,2010,11
24.0,78702,2010,12
5.0,78702,2011,1
23.0,78702,2011,2
23.0,78702,2011,3
18.0,78702,2011,4
21.0,78702,2011,5
28.0,78702,2011,6
20.0,78702,2011,7
16.0,78702,2011,8
6.0,78702,2011,9
10.0,78702,2011,10
12.0,78702,2011,11
22.0,78702,2011,12
17.0,78702,2012,1
15.0,78702,2012,2
20.0,78702,2012,3
16.0,78702,2012,4
28.0,78702,2012,5
30.0,78702,2012,6
19.0,78702,2012,7
27.0,78702,2012,8
16.0,78702,2012,9
40.0,78702,2012,10
18.0,78702,2012,11
12.0,78702,2012,12
13.0,78702,2013,1
9.0,78702,2013,2
12.0,78702,2013,3
9.0,78702,2013,4
17.0,78702,2013,5
25.0,78702,2013,6
23.0,78702,2013,7
14.0,78702,2013,8
12.0,78702,2013,9
10.0,78702,2013,10
8.0,78702,2013,11
12.0,78702,2013,12
3.0,78702,2014,1
27.0,78702,2014,2
20.0,78702,2014,3
21.0,78702,2014,4
12.0,78702,2014,5
9.0,78702,2014,6
13.0,78702,2014,7
10.0,78702,2014,8
12.0,78702,2014,9
7.0,78702,2014,10
8.0,78702,2014,11
23.0,78702,2014,12
11.0,78702,2015,1
11.0,78702,2015,2
13.0,78702,2015,3
17.0,78702,2015,4
27.0,78702,2015,5
22.0,78702,2015,6
32.0,78702,2015,7
27.0,78702,2015,8
24.0,78702,2015,9
25.0,78702,2015,10
23.0,78702,2015,11
33.0,78702,2015,12
21.0,78702,2016,1
22.0,78702,2016,2
36.0,78702,2016,3
32.0,78702,2016,4
30.0,78702,2016,5
4.0,78702,2016,6
31.0,78703,2008,6
22.0,78703,2008,7
22.0,78703,2008,8
30.0,78703,2008,9
21.0,78703,2008,10
10.0,78703,2008,11
15.0,78703,2008,12
8.0,78703,2009,1
13.0,78703,2009,2
10.0,78703,2009,3
8.0,78703,2009,4
20.0,78703,2009,5
14.0,78703,2009,6
19.0,78703,2009,7
28.0,78703,2009,8
34.0,78703,2009,9
41.0,78703,2009,10
19.0,78703,2009,11
23.0,78703,2009,12
9.0,78703,2010,1
11.0,78703,2010,2
26.0,78703,2010,3
21.0,78703,2010,4
28.0,78703,2010,5
45.0,78703,2010,6
27.0,78703,2010,7
27.0,78703,2010,8
21.0,78703,2010,9
23.0,78703,2010,10
16.0,78703,2010,11
51.0,78703,2010,12
18.0,78703,2011,1
15.0,78703,2011,2
23.0,78703,2011,3
30.0,78703,2011,4
38.0,78703,2011,5
29.0,78703,2011,6
27.0,78703,2011,7
40.0,78703,2011,8
18.0,78703,2011,9
12.0,78703,2011,10
18.0,78703,2011,11
22.0,78703,2011,12
11.0,78703,2012,1
18.0,78703,2012,2
27.0,78703,2012,3
27.0,78703,2012,4
41.0,78703,2012,5
43.0,78703,2012,6
37.0,78703,2012,7
34.0,78703,2012,8
21.0,78703,2012,9
12.0,78703,2012,10
17.0,78703,2012,11
21.0,78703,2012,12
9.0,78703,2013,1
26.0,78703,2013,2
12.0,78703,2013,3
23.0,78703,2013,4
21.0,78703,2013,5
23.0,78703,2013,6
17.0,78703,2013,7
15.0,78703,2013,8
9.0,78703,2013,9
11.0,78703,2013,10
12.0,78703,2013,11
14.0,78703,2013,12
5.0,78703,2014,1
8.0,78703,2014,2
12.0,78703,2014,3
7.0,78703,2014,4
6.0,78703,2014,5
11.0,78703,2014,6
20.0,78703,2014,7
5.0,78703,2014,8
10.0,78703,2014,9
7.0,78703,2014,10
9.0,78703,2014,11
6.0,78703,2014,12
7.0,78703,2015,1
7.0,78703,2015,2
10.0,78703,2015,3
19.0,78703,2015,4
10.0,78703,2015,5
10.0,78703,2015,6
19.0,78703,2015,7
33.0,78703,2015,8
16.0,78703,2015,9
19.0,78703,2015,10
20.0,78703,2015,11
27.0,78703,2015,12
9.0,78703,2016,1
16.0,78703,2016,2
38.0,78703,2016,3
23.0,78703,2016,4
39.0,78703,2016,5
4.0,78703,2016,6
50.0,78704,2008,6
49.0,78704,2008,7
51.0,78704,2008,8
54.0,78704,2008,9
35.0,78704,2008,10
25.0,78704,2008,11
29.0,78704,2008,12
8.0,78704,2009,1
25.0,78704,2009,2
26.0,78704,2009,3
36.0,78704,2009,4
31.0,78704,2009,5
41.0,78704,2009,6
37.0,78704,2009,7
52.0,78704,2009,8
44.0,78704,2009,9
43.0,78704,2009,10
43.0,78704,2009,11
24.0,78704,2009,12
25.0,78704,2010,1
28.0,78704,2010,2
43.0,78704,2010,3
65.0,78704,2010,4
90.0,78704,2010,5
67.0,78704,2010,6
33.0,78704,2010,7
41.0,78704,2010,8
40.0,78704,2010,9
36.0,78704,2010,10
46.0,78704,2010,11
40.0,78704,2010,12
26.0,78704,2011,1
24.0,78704,2011,2
40.0,78704,2011,3
35.0,78704,2011,4
54.0,78704,2011,5
58.0,78704,2011,6
40.0,78704,2011,7
56.0,78704,2011,8
39.0,78704,2011,9
28.0,78704,2011,10
29.0,78704,2011,11
50.0,78704,2011,12
30.0,78704,2012,1
25.0,78704,2012,2
40.0,78704,2012,3
47.0,78704,2012,4
63.0,78704,2012,5
63.0,78704,2012,6
68.0,78704,2012,7
59.0,78704,2012,8
42.0,78704,2012,9
46.0,78704,2012,10
36.0,78704,2012,11
45.0,78704,2012,12
27.0,78704,2013,1
23.0,78704,2013,2
26.0,78704,2013,3
32.0,78704,2013,4
40.0,78704,2013,5
29.0,78704,2013,6
30.0,78704,2013,7
37.0,78704,2013,8
26.0,78704,2013,9
20.0,78704,2013,10
23.0,78704,2013,11
16.0,78704,2013,12
11.0,78704,2014,1
20.0,78704,2014,2
20.0,78704,2014,3
21.0,78704,2014,4
25.0,78704,2014,5
17.0,78704,2014,6
25.0,78704,2014,7
26.0,78704,2014,8
24.0,78704,2014,9
18.0,78704,2014,10
15.0,78704,2014,11
20.0,78704,2014,12
17.0,78704,2015,1
13.0,78704,2015,2
20.0,78704,2015,3
24.0,78704,2015,4
20.0,78704,2015,5
30.0,78704,2015,6
45.0,78704,2015,7
56.0,78704,2015,8
42.0,78704,2015,9
33.0,78704,2015,10
31.0,78704,2015,11
57.0,78704,2015,12
90.0,78704,2016,1
40.0,78704,2016,2
45.0,78704,2016,3
45.0,78704,2016,4
71.0,78704,2016,5
5.0,78704,2016,6
27.0,78705,2008,6
23.0,78705,2008,7
25.0,78705,2008,8
7.0,78705,2008,9
9.0,78705,2008,10
4.0,78705,2008,11
8.0,78705,2008,12
3.0,78705,2009,1
9.0,78705,2009,2
11.0,78705,2009,3
11.0,78705,2009,4
12.0,78705,2009,5
14.0,78705,2009,6
27.0,78705,2009,7
19.0,78705,2009,8
8.0,78705,2009,9
6.0,78705,2009,10
4.0,78705,2009,11
8.0,78705,2009,12
4.0,78705,2010,1
8.0,78705,2010,2
5.0,78705,2010,3
15.0,78705,2010,4
13.0,78705,2010,5
14.0,78705,2010,6
14.0,78705,2010,7
15.0,78705,2010,8
2.0,78705,2010,9
5.0,78705,2010,10
4.0,78705,2010,11
6.0,78705,2010,12
3.0,78705,2011,1
7.0,78705,2011,2
4.0,78705,2011,3
7.0,78705,2011,4
12.0,78705,2011,5
19.0,78705,2011,6
21.0,78705,2011,7
23.0,78705,2011,8
11.0,78705,2011,9
6.0,78705,2011,10
4.0,78705,2011,11
9.0,78705,2011,12
6.0,78705,2012,1
10.0,78705,2012,2
12.0,78705,2012,3
7.0,78705,2012,4
14.0,78705,2012,5
15.0,78705,2012,6
8.0,78705,2012,7
19.0,78705,2012,8
4.0,78705,2012,9
10.0,78705,2012,10
5.0,78705,2012,11
9.0,78705,2012,12
4.0,78705,2013,1
4.0,78705,2013,2
7.0,78705,2013,3
5.0,78705,2013,4
5.0,78705,2013,5
12.0,78705,2013,6
11.0,78705,2013,7
7.0,78705,2013,8
4.0,78705,2013,9
4.0,78705,2013,10
2.0,78705,2013,11
7.0,78705,2013,12
6.0,78705,2014,1
2.0,78705,2014,2
7.0,78705,2014,3
6.0,78705,2014,4
11.0,78705,2014,5
10.0,78705,2014,6
8.0,78705,2014,7
7.0,78705,2014,8
3.0,78705,2014,9
8.0,78705,2014,11
5.0,78705,2014,12
3.0,78705,2015,1
1.0,78705,2015,2
9.0,78705,2015,3
3.0,78705,2015,4
6.0,78705,2015,5
6.0,78705,2015,6
12.0,78705,2015,7
20.0,78705,2015,8
8.0,78705,2015,9
4.0,78705,2015,10
2.0,78705,2015,11
4.0,78705,2015,12
8.0,78705,2016,1
5.0,78705,2016,2
11.0,78705,2016,3
18.0,78705,2016,4
15.0,78705,2016,5
1.0,78705,2016,6
53.0,78717,2008,6
46.0,78717,2008,7
47.0,78717,2008,8
43.0,78717,2008,9
32.0,78717,2008,10
19.0,78717,2008,11
25.0,78717,2008,12
20.0,78717,2009,1
17.0,78717,2009,2
31.0,78717,2009,3
35.0,78717,2009,4
37.0,78717,2009,5
51.0,78717,2009,6
48.0,78717,2009,7
33.0,78717,2009,8
35.0,78717,2009,9
49.0,78717,2009,10
45.0,78717,2009,11
32.0,78717,2009,12
19.0,78717,2010,1
19.0,78717,2010,2
47.0,78717,2010,3
48.0,78717,2010,4
59.0,78717,2010,5
47.0,78717,2010,6
30.0,78717,2010,7
32.0,78717,2010,8
19.0,78717,2010,9
21.0,78717,2010,10
28.0,78717,2010,11
28.0,78717,2010,12
32.0,78717,2011,1
14.0,78717,2011,2
37.0,78717,2011,3
40.0,78717,2011,4
33.0,78717,2011,5
48.0,78717,2011,6
32.0,78717,2011,7
51.0,78717,2011,8
38.0,78717,2011,9
43.0,78717,2011,10
30.0,78717,2011,11
34.0,78717,2011,12
23.0,78717,2012,1
21.0,78717,2012,2
33.0,78717,2012,3
29.0,78717,2012,4
52.0,78717,2012,5
63.0,78717,2012,6
59.0,78717,2012,7
48.0,78717,2012,8
39.0,78717,2012,9
43.0,78717,2012,10
28.0,78717,2012,11
46.0,78717,2012,12
35.0,78717,2013,1
48.0,78717,2013,2
62.0,78717,2013,3
61.0,78717,2013,4
68.0,78717,2013,5
59.0,78717,2013,6
87.0,78717,2013,7
77.0,78717,2013,8
37.0,78717,2013,9
61.0,78717,2013,10
44.0,78717,2013,11
55.0,78717,2013,12
31.0,78717,2014,1
50.0,78717,2014,2
51.0,78717,2014,3
59.0,78717,2014,4
65.0,78717,2014,5
62.0,78717,2014,6
60.0,78717,2014,7
39.0,78717,2014,8
59.0,78717,2014,9
51.0,78717,2014,10
39.0,78717,2014,11
57.0,78717,2014,12
22.0,78717,2015,1
18.0,78717,2015,2
38.0,78717,2015,3
43.0,78717,2015,4
36.0,78717,2015,5
54.0,78717,2015,6
42.0,78717,2015,7
57.0,78717,2015,8
48.0,78717,2015,9
33.0,78717,2015,10
31.0,78717,2015,11
19.0,78717,2015,12
22.0,78717,2016,1
16.0,78717,2016,2
37.0,78717,2016,3
35.0,78717,2016,4
45.0,78717,2016,5
7.0,78717,2016,6
1.0,78719,2008,6
1.0,78719,2008,7
2.0,78719,2008,8
1.0,78719,2008,9
1.0,78719,2008,11
1.0,78719,2009,2
1.0,78719,2009,4
1.0,78719,2009,9
1.0,78719,2009,12
1.0,78719,2010,2
1.0,78719,2010,6
2.0,78719,2010,7
1.0,78719,2010,9
1.0,78719,2011,1
1.0,78719,2011,5
2.0,78719,2011,7
1.0,78719,2011,10
2.0,78719,2011,12
2.0,78719,2012,3
1.0,78719,2012,6
2.0,78719,2012,8
1.0,78719,2013,2
1.0,78719,2013,5
1.0,78719,2014,9
1.0,78719,2014,12
1.0,78719,2015,8
2.0,78719,2015,10
1.0,78719,2016,2
5.0,78721,2008,6
11.0,78721,2008,7
9.0,78721,2008,8
10.0,78721,2008,9
5.0,78721,2008,10
6.0,78721,2008,11
8.0,78721,2008,12
9.0,78721,2009,1
2.0,78721,2009,2
2.0,78721,2009,3
4.0,78721,2009,4
6.0,78721,2009,5
7.0,78721,2009,6
10.0,78721,2009,7
9.0,78721,2009,8
5.0,78721,2009,9
14.0,78721,2009,10
19.0,78721,2009,11
10.0,78721,2009,12
7.0,78721,2010,1
7.0,78721,2010,2
11.0,78721,2010,3
10.0,78721,2010,4
6.0,78721,2010,5
17.0,78721,2010,6
5.0,78721,2010,7
10.0,78721,2010,8
8.0,78721,2010,9
4.0,78721,2010,10
5.0,78721,2010,11
2.0,78721,2010,12
5.0,78721,2011,1
6.0,78721,2011,2
8.0,78721,2011,3
5.0,78721,2011,4
9.0,78721,2011,5
9.0,78721,2011,6
7.0,78721,2011,7
6.0,78721,2011,8
5.0,78721,2011,9
6.0,78721,2011,10
3.0,78721,2011,11
8.0,78721,2011,12
4.0,78721,2012,1
7.0,78721,2012,2
3.0,78721,2012,3
6.0,78721,2012,4
11.0,78721,2012,5
9.0,78721,2012,6
11.0,78721,2012,7
11.0,78721,2012,8
8.0,78721,2012,9
8.0,78721,2012,10
3.0,78721,2012,11
9.0,78721,2012,12
3.0,78721,2013,1
2.0,78721,2013,2
5.0,78721,2013,3
4.0,78721,2013,4
7.0,78721,2013,5
10.0,78721,2013,6
1.0,78721,2013,7
6.0,78721,2013,8
7.0,78721,2013,9
3.0,78721,2013,10
8.0,78721,2013,11
5.0,78721,2013,12
5.0,78721,2014,1
5.0,78721,2014,2
3.0,78721,2014,3
8.0,78721,2014,4
7.0,78721,2014,5
10.0,78721,2014,6
5.0,78721,2014,7
4.0,78721,2014,8
3.0,78721,2014,9
5.0,78721,2014,10
7.0,78721,2014,11
8.0,78721,2014,12
6.0,78721,2015,1
7.0,78721,2015,2
8.0,78721,2015,3
5.0,78721,2015,4
9.0,78721,2015,5
5.0,78721,2015,6
18.0,78721,2015,7
14.0,78721,2015,8
8.0,78721,2015,9
11.0,78721,2015,10
6.0,78721,2015,11
11.0,78721,2015,12
7.0,78721,2016,1
10.0,78721,2016,2
12.0,78721,2016,3
10.0,78721,2016,4
14.0,78721,2016,5
2.0,78721,2016,6
16.0,78722,2008,6
9.0,78722,2008,7
5.0,78722,2008,8
3.0,78722,2008,9
7.0,78722,2008,10
7.0,78722,2008,11
5.0,78722,2008,12
2.0,78722,2009,1
3.0,78722,2009,2
3.0,78722,2009,3
6.0,78722,2009,4
3.0,78722,2009,5
6.0,78722,2009,6
9.0,78722,2009,7
5.0,78722,2009,8
1.0,78722,2009,9
5.0,78722,2009,10
5.0,78722,2009,11
5.0,78722,2009,12
2.0,78722,2010,1
1.0,78722,2010,2
2.0,78722,2010,3
8.0,78722,2010,4
3.0,78722,2010,5
3.0,78722,2010,6
4.0,78722,2010,7
6.0,78722,2010,8
2.0,78722,2010,9
3.0,78722,2010,10
3.0,78722,2010,11
5.0,78722,2010,12
2.0,78722,2011,1
2.0,78722,2011,2
3.0,78722,2011,3
4.0,78722,2011,4
4.0,78722,2011,5
6.0,78722,2011,6
5.0,78722,2011,7
3.0,78722,2011,8
3.0,78722,2011,9
2.0,78722,2011,10
5.0,78722,2011,11
5.0,78722,2011,12
2.0,78722,2012,1
1.0,78722,2012,2
10.0,78722,2012,3
3.0,78722,2012,4
5.0,78722,2012,5
2.0,78722,2012,6
8.0,78722,2012,7
3.0,78722,2012,8
7.0,78722,2012,9
7.0,78722,2012,10
9.0,78722,2012,11
3.0,78722,2012,12
2.0,78722,2013,1
1.0,78722,2013,2
3.0,78722,2013,3
2.0,78722,2013,4
4.0,78722,2013,5
4.0,78722,2013,6
3.0,78722,2013,7
2.0,78722,2013,8
2.0,78722,2013,9
5.0,78722,2013,10
2.0,78722,2013,11
2.0,78722,2013,12
1.0,78722,2014,2
2.0,78722,2014,4
3.0,78722,2014,5
2.0,78722,2014,6
2.0,78722,2014,7
3.0,78722,2014,8
1.0,78722,2014,10
1.0,78722,2014,11
3.0,78722,2014,12
2.0,78722,2015,1
1.0,78722,2015,2
3.0,78722,2015,4
1.0,78722,2015,5
1.0,78722,2015,6
10.0,78722,2015,7
4.0,78722,2015,8
2.0,78722,2015,9
6.0,78722,2015,10
5.0,78722,2015,11
10.0,78722,2015,12
3.0,78722,2016,1
6.0,78722,2016,2
4.0,78722,2016,3
8.0,78722,2016,4
6.0,78722,2016,5
1.0,78722,2016,6
332.0,78723,2008,6
43.0,78723,2008,7
39.0,78723,2008,8
28.0,78723,2008,9
37.0,78723,2008,10
37.0,78723,2008,11
32.0,78723,2008,12
31.0,78723,2009,1
26.0,78723,2009,2
32.0,78723,2009,3
26.0,78723,2009,4
21.0,78723,2009,5
39.0,78723,2009,6
45.0,78723,2009,7
26.0,78723,2009,8
23.0,78723,2009,9
33.0,78723,2009,10
30.0,78723,2009,11
21.0,78723,2009,12
11.0,78723,2010,1
19.0,78723,2010,2
32.0,78723,2010,3
29.0,78723,2010,4
28.0,78723,2010,5
25.0,78723,2010,6
17.0,78723,2010,7
26.0,78723,2010,8
14.0,78723,2010,9
13.0,78723,2010,10
13.0,78723,2010,11
25.0,78723,2010,12
7.0,78723,2011,1
12.0,78723,2011,2
22.0,78723,2011,3
14.0,78723,2011,4
17.0,78723,2011,5
34.0,78723,2011,6
23.0,78723,2011,7
25.0,78723,2011,8
24.0,78723,2011,9
18.0,78723,2011,10
28.0,78723,2011,11
19.0,78723,2011,12
13.0,78723,2012,1
20.0,78723,2012,2
19.0,78723,2012,3
20.0,78723,2012,4
21.0,78723,2012,5
24.0,78723,2012,6
24.0,78723,2012,7
26.0,78723,2012,8
16.0,78723,2012,9
15.0,78723,2012,10
25.0,78723,2012,11
17.0,78723,2012,12
7.0,78723,2013,1
15.0,78723,2013,2
25.0,78723,2013,3
24.0,78723,2013,4
25.0,78723,2013,5
24.0,78723,2013,6
24.0,78723,2013,7
16.0,78723,2013,8
13.0,78723,2013,9
16.0,78723,2013,10
15.0,78723,2013,11
28.0,78723,2013,12
1.0,78723,2014,1
19.0,78723,2014,2
20.0,78723,2014,3
17.0,78723,2014,4
19.0,78723,2014,5
18.0,78723,2014,6
15.0,78723,2014,7
18.0,78723,2014,8
14.0,78723,2014,9
14.0,78723,2014,10
9.0,78723,2014,11
23.0,78723,2014,12
2.0,78723,2015,1
11.0,78723,2015,2
16.0,78723,2015,3
28.0,78723,2015,4
16.0,78723,2015,5
13.0,78723,2015,6
36.0,78723,2015,7
32.0,78723,2015,8
30.0,78723,2015,9
17.0,78723,2015,10
29.0,78723,2015,11
22.0,78723,2015,12
28.0,78723,2016,1
24.0,78723,2016,2
25.0,78723,2016,3
28.0,78723,2016,4
29.0,78723,2016,5
3.0,78723,2016,6
19.0,78724,2008,6
20.0,78724,2008,7
19.0,78724,2008,8
16.0,78724,2008,9
24.0,78724,2008,10
17.0,78724,2008,11
15.0,78724,2008,12
5.0,78724,2009,1
17.0,78724,2009,2
14.0,78724,2009,3
13.0,78724,2009,4
14.0,78724,2009,5
15.0,78724,2009,6
13.0,78724,2009,7
14.0,78724,2009,8
27.0,78724,2009,9
16.0,78724,2009,10
16.0,78724,2009,11
18.0,78724,2009,12
6.0,78724,2010,1
12.0,78724,2010,2
18.0,78724,2010,3
15.0,78724,2010,4
11.0,78724,2010,5
16.0,78724,2010,6
11.0,78724,2010,7
12.0,78724,2010,8
12.0,78724,2010,9
8.0,78724,2010,10
6.0,78724,2010,11
27.0,78724,2010,12
8.0,78724,2011,1
9.0,78724,2011,2
15.0,78724,2011,3
20.0,78724,2011,4
10.0,78724,2011,5
17.0,78724,2011,6
12.0,78724,2011,7
13.0,78724,2011,8
9.0,78724,2011,9
13.0,78724,2011,10
9.0,78724,2011,11
8.0,78724,2011,12
14.0,78724,2012,1
6.0,78724,2012,2
14.0,78724,2012,3
8.0,78724,2012,4
15.0,78724,2012,5
9.0,78724,2012,6
12.0,78724,2012,7
26.0,78724,2012,8
10.0,78724,2012,9
11.0,78724,2012,10
12.0,78724,2012,11
8.0,78724,2012,12
8.0,78724,2013,1
8.0,78724,2013,2
8.0,78724,2013,3
2.0,78724,2013,4
11.0,78724,2013,5
10.0,78724,2013,6
10.0,78724,2013,7
8.0,78724,2013,8
15.0,78724,2013,9
8.0,78724,2013,10
6.0,78724,2013,11
17.0,78724,2013,12
9.0,78724,2014,1
12.0,78724,2014,2
12.0,78724,2014,3
13.0,78724,2014,4
14.0,78724,2014,5
13.0,78724,2014,6
8.0,78724,2014,7
9.0,78724,2014,8
14.0,78724,2014,9
13.0,78724,2014,10
4.0,78724,2014,11
10.0,78724,2014,12
9.0,78724,2015,1
16.0,78724,2015,2
15.0,78724,2015,3
11.0,78724,2015,4
4.0,78724,2015,5
7.0,78724,2015,6
11.0,78724,2015,7
15.0,78724,2015,8
12.0,78724,2015,9
6.0,78724,2015,10
9.0,78724,2015,11
8.0,78724,2015,12
9.0,78724,2016,1
4.0,78724,2016,2
11.0,78724,2016,3
16.0,78724,2016,4
7.0,78724,2016,5
15.0,78725,2008,6
12.0,78725,2008,7
9.0,78725,2008,8
19.0,78725,2008,9
10.0,78725,2008,10
6.0,78725,2008,11
13.0,78725,2008,12
4.0,78725,2009,1
7.0,78725,2009,2
33.0,78725,2009,3
14.0,78725,2009,4
11.0,78725,2009,5
10.0,78725,2009,6
18.0,78725,2009,7
11.0,78725,2009,8
17.0,78725,2009,9
30.0,78725,2009,10
25.0,78725,2009,11
28.0,78725,2009,12
13.0,78725,2010,1
21.0,78725,2010,2
30.0,78725,2010,3
21.0,78725,2010,4
22.0,78725,2010,5
24.0,78725,2010,6
13.0,78725,2010,7
14.0,78725,2010,8
15.0,78725,2010,9
33.0,78725,2010,10
8.0,78725,2010,11
12.0,78725,2010,12
2.0,78725,2011,1
11.0,78725,2011,2
12.0,78725,2011,3
9.0,78725,2011,4
12.0,78725,2011,5
23.0,78725,2011,6
10.0,78725,2011,7
13.0,78725,2011,8
10.0,78725,2011,9
12.0,78725,2011,10
18.0,78725,2011,11
14.0,78725,2011,12
8.0,78725,2012,1
7.0,78725,2012,2
9.0,78725,2012,3
12.0,78725,2012,4
6.0,78725,2012,5
14.0,78725,2012,6
31.0,78725,2012,7
13.0,78725,2012,8
11.0,78725,2012,9
16.0,78725,2012,10
12.0,78725,2012,11
10.0,78725,2012,12
10.0,78725,2013,1
9.0,78725,2013,2
8.0,78725,2013,3
11.0,78725,2013,4
2.0,78725,2013,5
7.0,78725,2013,6
6.0,78725,2013,7
9.0,78725,2013,8
13.0,78725,2013,9
9.0,78725,2013,10
19.0,78725,2013,11
17.0,78725,2013,12
11.0,78725,2014,1
10.0,78725,2014,2
12.0,78725,2014,3
15.0,78725,2014,4
19.0,78725,2014,5
9.0,78725,2014,6
20.0,78725,2014,7
11.0,78725,2014,8
17.0,78725,2014,9
17.0,78725,2014,10
22.0,78725,2014,11
22.0,78725,2014,12
5.0,78725,2015,1
12.0,78725,2015,2
18.0,78725,2015,3
18.0,78725,2015,4
9.0,78725,2015,5
7.0,78725,2015,6
13.0,78725,2015,7
13.0,78725,2015,8
11.0,78725,2015,9
12.0,78725,2015,10
8.0,78725,2015,11
13.0,78725,2015,12
4.0,78725,2016,1
8.0,78725,2016,2
15.0,78725,2016,3
11.0,78725,2016,4
5.0,78725,2016,5
2.0,78725,2016,6
12.0,78726,2008,6
10.0,78726,2008,7
11.0,78726,2008,8
7.0,78726,2008,9
8.0,78726,2008,10
4.0,78726,2008,11
3.0,78726,2008,12
5.0,78726,2009,2
7.0,78726,2009,3
8.0,78726,2009,4
12.0,78726,2009,5
11.0,78726,2009,6
10.0,78726,2009,7
9.0,78726,2009,8
6.0,78726,2009,9
4.0,78726,2009,10
8.0,78726,2009,11
5.0,78726,2009,12
4.0,78726,2010,2
4.0,78726,2010,3
11.0,78726,2010,4
7.0,78726,2010,5
10.0,78726,2010,6
7.0,78726,2010,7
5.0,78726,2010,8
5.0,78726,2010,9
4.0,78726,2010,10
9.0,78726,2010,11
65.0,78726,2010,12
3.0,78726,2011,1
5.0,78726,2011,2
5.0,78726,2011,3
8.0,78726,2011,4
12.0,78726,2011,5
15.0,78726,2011,6
12.0,78726,2011,7
20.0,78726,2011,8
8.0,78726,2011,9
13.0,78726,2011,10
8.0,78726,2011,11
12.0,78726,2011,12
13.0,78726,2012,1
5.0,78726,2012,2
9.0,78726,2012,3
26.0,78726,2012,4
15.0,78726,2012,5
13.0,78726,2012,6
18.0,78726,2012,7
60.0,78726,2012,8
12.0,78726,2012,9
10.0,78726,2012,10
11.0,78726,2012,11
6.0,78726,2012,12
3.0,78726,2013,1
5.0,78726,2013,2
11.0,78726,2013,3
2.0,78726,2013,4
6.0,78726,2013,5
6.0,78726,2013,6
4.0,78726,2013,7
3.0,78726,2013,8
4.0,78726,2013,9
4.0,78726,2013,10
7.0,78726,2013,11
8.0,78726,2013,12
3.0,78726,2014,1
4.0,78726,2014,2
1.0,78726,2014,3
3.0,78726,2014,4
5.0,78726,2014,5
7.0,78726,2014,6
1.0,78726,2014,7
1.0,78726,2014,8
2.0,78726,2014,9
1.0,78726,2014,10
3.0,78726,2014,12
2.0,78726,2015,1
1.0,78726,2015,2
3.0,78726,2015,3
1.0,78726,2015,4
4.0,78726,2015,5
9.0,78726,2015,6
13.0,78726,2015,7
18.0,78726,2015,8
3.0,78726,2015,9
7.0,78726,2015,10
7.0,78726,2015,11
9.0,78726,2015,12
3.0,78726,2016,1
8.0,78726,2016,2
15.0,78726,2016,3
13.0,78726,2016,4
18.0,78726,2016,5
2.0,78726,2016,6
44.0,78727,2008,6
42.0,78727,2008,7
24.0,78727,2008,8
29.0,78727,2008,9
20.0,78727,2008,10
20.0,78727,2008,11
28.0,78727,2008,12
15.0,78727,2009,1
17.0,78727,2009,2
23.0,78727,2009,3
29.0,78727,2009,4
35.0,78727,2009,5
35.0,78727,2009,6
40.0,78727,2009,7
31.0,78727,2009,8
28.0,78727,2009,9
35.0,78727,2009,10
23.0,78727,2009,11
17.0,78727,2009,12
13.0,78727,2010,1
20.0,78727,2010,2
22.0,78727,2010,3
35.0,78727,2010,4
68.0,78727,2010,5
27.0,78727,2010,6
23.0,78727,2010,7
23.0,78727,2010,8
22.0,78727,2010,9
15.0,78727,2010,10
11.0,78727,2010,11
26.0,78727,2010,12
16.0,78727,2011,1
13.0,78727,2011,2
19.0,78727,2011,3
27.0,78727,2011,4
27.0,78727,2011,5
30.0,78727,2011,6
38.0,78727,2011,7
32.0,78727,2011,8
26.0,78727,2011,9
17.0,78727,2011,10
13.0,78727,2011,11
16.0,78727,2011,12
19.0,78727,2012,1
16.0,78727,2012,2
27.0,78727,2012,3
25.0,78727,2012,4
31.0,78727,2012,5
32.0,78727,2012,6
34.0,78727,2012,7
36.0,78727,2012,8
22.0,78727,2012,9
26.0,78727,2012,10
15.0,78727,2012,11
7.0,78727,2012,12
8.0,78727,2013,1
9.0,78727,2013,2
8.0,78727,2013,3
5.0,78727,2013,4
15.0,78727,2013,5
19.0,78727,2013,6
8.0,78727,2013,7
13.0,78727,2013,8
7.0,78727,2013,9
6.0,78727,2013,10
5.0,78727,2013,11
14.0,78727,2013,12
4.0,78727,2014,1
3.0,78727,2014,2
6.0,78727,2014,3
8.0,78727,2014,4
7.0,78727,2014,5
13.0,78727,2014,6
7.0,78727,2014,7
10.0,78727,2014,8
2.0,78727,2014,9
2.0,78727,2014,10
2.0,78727,2014,11
8.0,78727,2014,12
5.0,78727,2015,1
4.0,78727,2015,2
7.0,78727,2015,3
8.0,78727,2015,4
7.0,78727,2015,5
10.0,78727,2015,6
31.0,78727,2015,7
39.0,78727,2015,8
28.0,78727,2015,9
36.0,78727,2015,10
26.0,78727,2015,11
25.0,78727,2015,12
21.0,78727,2016,1
17.0,78727,2016,2
22.0,78727,2016,3
34.0,78727,2016,4
24.0,78727,2016,5
7.0,78727,2016,6
23.0,78728,2008,6
17.0,78728,2008,7
15.0,78728,2008,8
10.0,78728,2008,9
10.0,78728,2008,10
9.0,78728,2008,11
12.0,78728,2008,12
8.0,78728,2009,1
10.0,78728,2009,2
7.0,78728,2009,3
8.0,78728,2009,4
14.0,78728,2009,5
19.0,78728,2009,6
10.0,78728,2009,7
15.0,78728,2009,8
22.0,78728,2009,9
16.0,78728,2009,10
17.0,78728,2009,11
12.0,78728,2009,12
6.0,78728,2010,1
4.0,78728,2010,2
20.0,78728,2010,3
20.0,78728,2010,4
15.0,78728,2010,5
10.0,78728,2010,6
6.0,78728,2010,7
7.0,78728,2010,8
6.0,78728,2010,9
4.0,78728,2010,10
12.0,78728,2010,11
11.0,78728,2010,12
5.0,78728,2011,1
6.0,78728,2011,2
7.0,78728,2011,3
8.0,78728,2011,4
11.0,78728,2011,5
13.0,78728,2011,6
14.0,78728,2011,7
18.0,78728,2011,8
11.0,78728,2011,9
3.0,78728,2011,10
8.0,78728,2011,11
8.0,78728,2011,12
9.0,78728,2012,1
12.0,78728,2012,2
9.0,78728,2012,3
7.0,78728,2012,4
16.0,78728,2012,5
23.0,78728,2012,6
23.0,78728,2012,7
21.0,78728,2012,8
16.0,78728,2012,9
17.0,78728,2012,10
20.0,78728,2012,11
9.0,78728,2012,12
5.0,78728,2013,1
7.0,78728,2013,2
7.0,78728,2013,3
7.0,78728,2013,4
9.0,78728,2013,5
13.0,78728,2013,6
10.0,78728,2013,7
12.0,78728,2013,8
15.0,78728,2013,9
14.0,78728,2013,10
10.0,78728,2013,11
18.0,78728,2013,12
5.0,78728,2014,1
7.0,78728,2014,2
4.0,78728,2014,3
8.0,78728,2014,4
6.0,78728,2014,5
16.0,78728,2014,6
19.0,78728,2014,7
11.0,78728,2014,8
15.0,78728,2014,9
4.0,78728,2014,10
6.0,78728,2014,11
11.0,78728,2014,12
4.0,78728,2015,1
3.0,78728,2015,2
7.0,78728,2015,3
11.0,78728,2015,4
4.0,78728,2015,5
11.0,78728,2015,6
16.0,78728,2015,7
17.0,78728,2015,8
14.0,78728,2015,9
13.0,78728,2015,10
9.0,78728,2015,11
8.0,78728,2015,12
10.0,78728,2016,1
6.0,78728,2016,2
18.0,78728,2016,3
18.0,78728,2016,4
17.0,78728,2016,5
29.0,78729,2008,6
35.0,78729,2008,7
30.0,78729,2008,8
27.0,78729,2008,9
17.0,78729,2008,10
23.0,78729,2008,11
21.0,78729,2008,12
12.0,78729,2009,1
17.0,78729,2009,2
37.0,78729,2009,3
23.0,78729,2009,4
27.0,78729,2009,5
44.0,78729,2009,6
35.0,78729,2009,7
24.0,78729,2009,8
26.0,78729,2009,9
32.0,78729,2009,10
36.0,78729,2009,11
26.0,78729,2009,12
8.0,78729,2010,1
16.0,78729,2010,2
23.0,78729,2010,3
43.0,78729,2010,4
31.0,78729,2010,5
24.0,78729,2010,6
15.0,78729,2010,7
21.0,78729,2010,8
18.0,78729,2010,9
12.0,78729,2010,10
11.0,78729,2010,11
12.0,78729,2010,12
21.0,78729,2011,1
15.0,78729,2011,2
21.0,78729,2011,3
18.0,78729,2011,4
20.0,78729,2011,5
31.0,78729,2011,6
29.0,78729,2011,7
24.0,78729,2011,8
23.0,78729,2011,9
25.0,78729,2011,10
22.0,78729,2011,11
24.0,78729,2011,12
20.0,78729,2012,1
18.0,78729,2012,2
18.0,78729,2012,3
20.0,78729,2012,4
32.0,78729,2012,5
34.0,78729,2012,6
37.0,78729,2012,7
32.0,78729,2012,8
30.0,78729,2012,9
31.0,78729,2012,10
17.0,78729,2012,11
21.0,78729,2012,12
15.0,78729,2013,1
24.0,78729,2013,2
36.0,78729,2013,3
35.0,78729,2013,4
34.0,78729,2013,5
37.0,78729,2013,6
36.0,78729,2013,7
42.0,78729,2013,8
31.0,78729,2013,9
30.0,78729,2013,10
11.0,78729,2013,11
24.0,78729,2013,12
16.0,78729,2014,1
19.0,78729,2014,2
20.0,78729,2014,3
25.0,78729,2014,4
26.0,78729,2014,5
29.0,78729,2014,6
34.0,78729,2014,7
32.0,78729,2014,8
28.0,78729,2014,9
29.0,78729,2014,10
25.0,78729,2014,11
27.0,78729,2014,12
13.0,78729,2015,1
18.0,78729,2015,2
26.0,78729,2015,3
22.0,78729,2015,4
38.0,78729,2015,5
33.0,78729,2015,6
36.0,78729,2015,7
36.0,78729,2015,8
35.0,78729,2015,9
30.0,78729,2015,10
20.0,78729,2015,11
20.0,78729,2015,12
21.0,78729,2016,1
21.0,78729,2016,2
15.0,78729,2016,3
27.0,78729,2016,4
34.0,78729,2016,5
8.0,78729,2016,6
20.0,78730,2008,6
15.0,78730,2008,7
21.0,78730,2008,8
14.0,78730,2008,9
12.0,78730,2008,10
7.0,78730,2008,11
11.0,78730,2008,12
17.0,78730,2009,1
6.0,78730,2009,2
9.0,78730,2009,3
12.0,78730,2009,4
8.0,78730,2009,5
9.0,78730,2009,6
14.0,78730,2009,7
5.0,78730,2009,8
14.0,78730,2009,9
12.0,78730,2009,10
12.0,78730,2009,11
8.0,78730,2009,12
5.0,78730,2010,1
6.0,78730,2010,2
9.0,78730,2010,3
8.0,78730,2010,4
5.0,78730,2010,5
15.0,78730,2010,6
2.0,78730,2010,7
9.0,78730,2010,8
20.0,78730,2010,9
9.0,78730,2010,10
3.0,78730,2010,11
21.0,78730,2010,12
9.0,78730,2011,1
6.0,78730,2011,2
10.0,78730,2011,3
14.0,78730,2011,4
23.0,78730,2011,5
23.0,78730,2011,6
9.0,78730,2011,7
8.0,78730,2011,8
15.0,78730,2011,9
7.0,78730,2011,10
16.0,78730,2011,11
13.0,78730,2011,12
4.0,78730,2012,1
10.0,78730,2012,2
14.0,78730,2012,3
27.0,78730,2012,4
22.0,78730,2012,5
18.0,78730,2012,6
13.0,78730,2012,7
26.0,78730,2012,8
15.0,78730,2012,9
15.0,78730,2012,10
19.0,78730,2012,11
8.0,78730,2012,12
6.0,78730,2013,1
14.0,78730,2013,2
14.0,78730,2013,3
4.0,78730,2013,4
13.0,78730,2013,5
5.0,78730,2013,6
10.0,78730,2013,7
11.0,78730,2013,8
5.0,78730,2013,9
10.0,78730,2013,10
4.0,78730,2013,11
20.0,78730,2013,12
3.0,78730,2014,1
4.0,78730,2014,2
6.0,78730,2014,3
5.0,78730,2014,4
11.0,78730,2014,5
7.0,78730,2014,6
8.0,78730,2014,7
5.0,78730,2014,8
3.0,78730,2014,9
3.0,78730,2014,10
3.0,78730,2014,11
7.0,78730,2014,12
3.0,78730,2015,1
3.0,78730,2015,2
5.0,78730,2015,3
5.0,78730,2015,4
7.0,78730,2015,5
6.0,78730,2015,6
15.0,78730,2015,7
12.0,78730,2015,8
21.0,78730,2015,9
26.0,78730,2015,10
12.0,78730,2015,11
17.0,78730,2015,12
7.0,78730,2016,1
12.0,78730,2016,2
12.0,78730,2016,3
19.0,78730,2016,4
22.0,78730,2016,5
5.0,78730,2016,6
48.0,78731,2008,6
33.0,78731,2008,7
27.0,78731,2008,8
24.0,78731,2008,9
18.0,78731,2008,10
21.0,78731,2008,11
18.0,78731,2008,12
8.0,78731,2009,1
17.0,78731,2009,2
16.0,78731,2009,3
18.0,78731,2009,4
18.0,78731,2009,5
25.0,78731,2009,6
25.0,78731,2009,7
23.0,78731,2009,8
29.0,78731,2009,9
23.0,78731,2009,10
24.0,78731,2009,11
22.0,78731,2009,12
13.0,78731,2010,1
15.0,78731,2010,2
29.0,78731,2010,3
26.0,78731,2010,4
15.0,78731,2010,5
26.0,78731,2010,6
20.0,78731,2010,7
25.0,78731,2010,8
17.0,78731,2010,9
14.0,78731,2010,10
13.0,78731,2010,11
24.0,78731,2010,12
12.0,78731,2011,1
14.0,78731,2011,2
21.0,78731,2011,3
25.0,78731,2011,4
20.0,78731,2011,5
37.0,78731,2011,6
22.0,78731,2011,7
30.0,78731,2011,8
18.0,78731,2011,9
19.0,78731,2011,10
25.0,78731,2011,11
24.0,78731,2011,12
17.0,78731,2012,1
19.0,78731,2012,2
28.0,78731,2012,3
41.0,78731,2012,4
50.0,78731,2012,5
50.0,78731,2012,6
38.0,78731,2012,7
34.0,78731,2012,8
22.0,78731,2012,9
42.0,78731,2012,10
24.0,78731,2012,11
15.0,78731,2012,12
11.0,78731,2013,1
8.0,78731,2013,2
10.0,78731,2013,3
17.0,78731,2013,4
18.0,78731,2013,5
9.0,78731,2013,6
15.0,78731,2013,7
8.0,78731,2013,8
10.0,78731,2013,9
8.0,78731,2013,10
9.0,78731,2013,11
9.0,78731,2013,12
5.0,78731,2014,1
8.0,78731,2014,2
11.0,78731,2014,3
11.0,78731,2014,4
10.0,78731,2014,5
12.0,78731,2014,6
9.0,78731,2014,7
6.0,78731,2014,8
6.0,78731,2014,9
8.0,78731,2014,10
8.0,78731,2014,11
5.0,78731,2014,12
4.0,78731,2015,1
12.0,78731,2015,2
7.0,78731,2015,3
11.0,78731,2015,4
12.0,78731,2015,5
16.0,78731,2015,6
30.0,78731,2015,7
43.0,78731,2015,8
21.0,78731,2015,9
26.0,78731,2015,10
15.0,78731,2015,11
38.0,78731,2015,12
13.0,78731,2016,1
17.0,78731,2016,2
33.0,78731,2016,3
34.0,78731,2016,4
27.0,78731,2016,5
6.0,78731,2016,6
45.0,78732,2008,6
42.0,78732,2008,7
55.0,78732,2008,8
31.0,78732,2008,9
27.0,78732,2008,10
34.0,78732,2008,11
49.0,78732,2008,12
92.0,78732,2009,1
23.0,78732,2009,2
23.0,78732,2009,3
21.0,78732,2009,4
23.0,78732,2009,5
42.0,78732,2009,6
57.0,78732,2009,7
31.0,78732,2009,8
27.0,78732,2009,9
27.0,78732,2009,10
33.0,78732,2009,11
75.0,78732,2009,12
10.0,78732,2010,1
16.0,78732,2010,2
36.0,78732,2010,3
29.0,78732,2010,4
36.0,78732,2010,5
56.0,78732,2010,6
36.0,78732,2010,7
39.0,78732,2010,8
28.0,78732,2010,9
20.0,78732,2010,10
25.0,78732,2010,11
125.0,78732,2010,12
13.0,78732,2011,1
101.0,78732,2011,2
29.0,78732,2011,3
18.0,78732,2011,4
28.0,78732,2011,5
50.0,78732,2011,6
33.0,78732,2011,7
32.0,78732,2011,8
27.0,78732,2011,9
33.0,78732,2011,10
22.0,78732,2011,11
51.0,78732,2011,12
17.0,78732,2012,1
23.0,78732,2012,2
28.0,78732,2012,3
35.0,78732,2012,4
37.0,78732,2012,5
41.0,78732,2012,6
37.0,78732,2012,7
42.0,78732,2012,8
27.0,78732,2012,9
35.0,78732,2012,10
23.0,78732,2012,11
30.0,78732,2012,12
4.0,78732,2013,1
20.0,78732,2013,2
21.0,78732,2013,3
17.0,78732,2013,4
20.0,78732,2013,5
20.0,78732,2013,6
35.0,78732,2013,7
16.0,78732,2013,8
8.0,78732,2013,9
9.0,78732,2013,10
6.0,78732,2013,11
8.0,78732,2013,12
4.0,78732,2014,1
3.0,78732,2014,2
3.0,78732,2014,3
7.0,78732,2014,4
10.0,78732,2014,5
15.0,78732,2014,6
4.0,78732,2014,7
19.0,78732,2014,8
8.0,78732,2014,9
6.0,78732,2014,10
3.0,78732,2014,11
3.0,78732,2014,12
10.0,78732,2015,1
8.0,78732,2015,2
6.0,78732,2015,3
15.0,78732,2015,4
11.0,78732,2015,5
17.0,78732,2015,6
36.0,78732,2015,7
29.0,78732,2015,8
35.0,78732,2015,9
28.0,78732,2015,10
16.0,78732,2015,11
21.0,78732,2015,12
8.0,78732,2016,1
13.0,78732,2016,2
25.0,78732,2016,3
30.0,78732,2016,4
32.0,78732,2016,5
9.0,78732,2016,6
18.0,78733,2008,6
18.0,78733,2008,7
20.0,78733,2008,8
12.0,78733,2008,9
7.0,78733,2008,10
8.0,78733,2008,11
20.0,78733,2008,12
3.0,78733,2009,1
3.0,78733,2009,2
13.0,78733,2009,3
8.0,78733,2009,4
17.0,78733,2009,5
10.0,78733,2009,6
13.0,78733,2009,7
8.0,78733,2009,8
12.0,78733,2009,9
15.0,78733,2009,10
8.0,78733,2009,11
6.0,78733,2009,12
6.0,78733,2010,1
5.0,78733,2010,2
9.0,78733,2010,3
15.0,78733,2010,4
10.0,78733,2010,5
20.0,78733,2010,6
10.0,78733,2010,7
4.0,78733,2010,8
5.0,78733,2010,9
5.0,78733,2010,10
9.0,78733,2010,11
6.0,78733,2010,12
5.0,78733,2011,1
6.0,78733,2011,2
7.0,78733,2011,3
10.0,78733,2011,4
14.0,78733,2011,5
21.0,78733,2011,6
13.0,78733,2011,7
9.0,78733,2011,8
15.0,78733,2011,9
5.0,78733,2011,10
5.0,78733,2011,11
11.0,78733,2011,12
3.0,78733,2012,1
6.0,78733,2012,2
12.0,78733,2012,3
14.0,78733,2012,4
13.0,78733,2012,5
20.0,78733,2012,6
9.0,78733,2012,7
11.0,78733,2012,8
9.0,78733,2012,9
10.0,78733,2012,10
11.0,78733,2012,11
4.0,78733,2012,12
5.0,78733,2013,1
4.0,78733,2013,2
5.0,78733,2013,3
7.0,78733,2013,4
9.0,78733,2013,5
7.0,78733,2013,6
7.0,78733,2013,7
6.0,78733,2013,8
3.0,78733,2013,9
7.0,78733,2013,10
2.0,78733,2013,11
3.0,78733,2013,12
2.0,78733,2014,1
2.0,78733,2014,2
5.0,78733,2014,3
4.0,78733,2014,4
4.0,78733,2014,5
1.0,78733,2014,6
10.0,78733,2014,7
7.0,78733,2014,8
2.0,78733,2014,10
5.0,78733,2015,1
1.0,78733,2015,2
6.0,78733,2015,3
9.0,78733,2015,4
8.0,78733,2015,5
7.0,78733,2015,6
20.0,78733,2015,7
5.0,78733,2015,8
12.0,78733,2015,9
11.0,78733,2015,10
12.0,78733,2015,11
7.0,78733,2015,12
4.0,78733,2016,1
4.0,78733,2016,2
8.0,78733,2016,3
12.0,78733,2016,4
14.0,78733,2016,5
50.0,78734,2008,6
49.0,78734,2008,7
48.0,78734,2008,8
32.0,78734,2008,9
33.0,78734,2008,10
19.0,78734,2008,11
39.0,78734,2008,12
34.0,78734,2009,1
20.0,78734,2009,2
31.0,78734,2009,3
31.0,78734,2009,4
36.0,78734,2009,5
39.0,78734,2009,6
44.0,78734,2009,7
36.0,78734,2009,8
31.0,78734,2009,9
29.0,78734,2009,10
28.0,78734,2009,11
33.0,78734,2009,12
18.0,78734,2010,1
30.0,78734,2010,2
29.0,78734,2010,3
37.0,78734,2010,4
74.0,78734,2010,5
53.0,78734,2010,6
35.0,78734,2010,7
27.0,78734,2010,8
28.0,78734,2010,9
27.0,78734,2010,10
31.0,78734,2010,11
47.0,78734,2010,12
25.0,78734,2011,1
28.0,78734,2011,2
27.0,78734,2011,3
49.0,78734,2011,4
38.0,78734,2011,5
36.0,78734,2011,6
33.0,78734,2011,7
42.0,78734,2011,8
35.0,78734,2011,9
12.0,78734,2011,10
33.0,78734,2011,11
60.0,78734,2011,12
16.0,78734,2012,1
25.0,78734,2012,2
43.0,78734,2012,3
29.0,78734,2012,4
52.0,78734,2012,5
43.0,78734,2012,6
55.0,78734,2012,7
36.0,78734,2012,8
33.0,78734,2012,9
44.0,78734,2012,10
40.0,78734,2012,11
31.0,78734,2012,12
14.0,78734,2013,1
26.0,78734,2013,2
21.0,78734,2013,3
27.0,78734,2013,4
42.0,78734,2013,5
20.0,78734,2013,6
33.0,78734,2013,7
24.0,78734,2013,8
14.0,78734,2013,9
10.0,78734,2013,10
13.0,78734,2013,11
21.0,78734,2013,12
12.0,78734,2014,1
10.0,78734,2014,2
21.0,78734,2014,3
21.0,78734,2014,4
16.0,78734,2014,5
29.0,78734,2014,6
16.0,78734,2014,7
24.0,78734,2014,8
9.0,78734,2014,9
17.0,78734,2014,10
26.0,78734,2014,11
17.0,78734,2014,12
8.0,78734,2015,1
18.0,78734,2015,2
20.0,78734,2015,3
17.0,78734,2015,4
23.0,78734,2015,5
18.0,78734,2015,6
42.0,78734,2015,7
59.0,78734,2015,8
40.0,78734,2015,9
30.0,78734,2015,10
33.0,78734,2015,11
35.0,78734,2015,12
17.0,78734,2016,1
25.0,78734,2016,2
45.0,78734,2016,3
40.0,78734,2016,4
36.0,78734,2016,5
9.0,78734,2016,6
23.0,78735,2008,6
32.0,78735,2008,7
15.0,78735,2008,8
19.0,78735,2008,9
39.0,78735,2008,10
6.0,78735,2008,11
20.0,78735,2008,12
15.0,78735,2009,1
17.0,78735,2009,2
9.0,78735,2009,3
11.0,78735,2009,4
17.0,78735,2009,5
12.0,78735,2009,6
16.0,78735,2009,7
15.0,78735,2009,8
12.0,78735,2009,9
23.0,78735,2009,10
13.0,78735,2009,11
13.0,78735,2009,12
6.0,78735,2010,1
10.0,78735,2010,2
22.0,78735,2010,3
18.0,78735,2010,4
13.0,78735,2010,5
22.0,78735,2010,6
19.0,78735,2010,7
10.0,78735,2010,8
15.0,78735,2010,9
16.0,78735,2010,10
15.0,78735,2010,11
19.0,78735,2010,12
10.0,78735,2011,1
10.0,78735,2011,2
13.0,78735,2011,3
13.0,78735,2011,4
14.0,78735,2011,5
17.0,78735,2011,6
19.0,78735,2011,7
15.0,78735,2011,8
11.0,78735,2011,9
11.0,78735,2011,10
21.0,78735,2011,11
31.0,78735,2011,12
6.0,78735,2012,1
15.0,78735,2012,2
27.0,78735,2012,3
22.0,78735,2012,4
25.0,78735,2012,5
28.0,78735,2012,6
27.0,78735,2012,7
14.0,78735,2012,8
15.0,78735,2012,9
14.0,78735,2012,10
16.0,78735,2012,11
10.0,78735,2012,12
8.0,78735,2013,1
11.0,78735,2013,2
18.0,78735,2013,3
10.0,78735,2013,4
12.0,78735,2013,5
10.0,78735,2013,6
15.0,78735,2013,7
11.0,78735,2013,8
13.0,78735,2013,9
5.0,78735,2013,10
7.0,78735,2013,11
7.0,78735,2013,12
1.0,78735,2014,1
7.0,78735,2014,2
2.0,78735,2014,3
4.0,78735,2014,4
9.0,78735,2014,5
7.0,78735,2014,6
10.0,78735,2014,7
7.0,78735,2014,8
3.0,78735,2014,9
4.0,78735,2014,10
3.0,78735,2014,11
4.0,78735,2014,12
6.0,78735,2015,1
6.0,78735,2015,2
2.0,78735,2015,3
4.0,78735,2015,4
4.0,78735,2015,5
12.0,78735,2015,6
26.0,78735,2015,7
15.0,78735,2015,8
15.0,78735,2015,9
20.0,78735,2015,10
9.0,78735,2015,11
22.0,78735,2015,12
7.0,78735,2016,1
12.0,78735,2016,2
15.0,78735,2016,3
14.0,78735,2016,4
11.0,78735,2016,5
8.0,78736,2008,6
7.0,78736,2008,7
10.0,78736,2008,8
8.0,78736,2008,9
2.0,78736,2008,10
1.0,78736,2008,11
10.0,78736,2008,12
2.0,78736,2009,1
8.0,78736,2009,2
8.0,78736,2009,3
6.0,78736,2009,4
9.0,78736,2009,5
9.0,78736,2009,6
14.0,78736,2009,7
5.0,78736,2009,8
9.0,78736,2009,9
14.0,78736,2009,10
11.0,78736,2009,11
4.0,78736,2009,12
5.0,78736,2010,1
5.0,78736,2010,2
42.0,78736,2010,3
6.0,78736,2010,4
8.0,78736,2010,5
3.0,78736,2010,6
9.0,78736,2010,7
6.0,78736,2010,8
3.0,78736,2010,9
5.0,78736,2010,10
6.0,78736,2010,11
6.0,78736,2010,12
6.0,78736,2011,2
6.0,78736,2011,3
5.0,78736,2011,4
9.0,78736,2011,5
5.0,78736,2011,6
7.0,78736,2011,7
16.0,78736,2011,8
9.0,78736,2011,9
8.0,78736,2011,10
4.0,78736,2011,11
7.0,78736,2011,12
3.0,78736,2012,1
2.0,78736,2012,2
14.0,78736,2012,3
9.0,78736,2012,4
14.0,78736,2012,5
10.0,78736,2012,6
8.0,78736,2012,7
11.0,78736,2012,8
13.0,78736,2012,9
14.0,78736,2012,10
8.0,78736,2012,11
1.0,78736,2012,12
4.0,78736,2013,1
6.0,78736,2013,2
7.0,78736,2013,3
8.0,78736,2013,4
8.0,78736,2013,5
8.0,78736,2013,6
7.0,78736,2013,7
7.0,78736,2013,8
2.0,78736,2013,9
7.0,78736,2013,10
3.0,78736,2013,11
7.0,78736,2013,12
6.0,78736,2014,1
2.0,78736,2014,2
5.0,78736,2014,3
3.0,78736,2014,4
4.0,78736,2014,5
5.0,78736,2014,6
5.0,78736,2014,7
7.0,78736,2014,8
6.0,78736,2014,9
4.0,78736,2014,10
6.0,78736,2014,11
3.0,78736,2014,12
1.0,78736,2015,1
4.0,78736,2015,2
1.0,78736,2015,3
8.0,78736,2015,4
1.0,78736,2015,5
4.0,78736,2015,6
10.0,78736,2015,7
17.0,78736,2015,8
10.0,78736,2015,9
9.0,78736,2015,10
10.0,78736,2015,11
10.0,78736,2015,12
8.0,78736,2016,1
8.0,78736,2016,2
11.0,78736,2016,3
13.0,78736,2016,4
12.0,78736,2016,5
2.0,78736,2016,6
37.0,78737,2008,6
37.0,78737,2008,7
40.0,78737,2008,8
36.0,78737,2008,9
17.0,78737,2008,10
20.0,78737,2008,11
24.0,78737,2008,12
11.0,78737,2009,1
17.0,78737,2009,2
23.0,78737,2009,3
40.0,78737,2009,4
14.0,78737,2009,5
25.0,78737,2009,6
25.0,78737,2009,7
26.0,78737,2009,8
24.0,78737,2009,9
14.0,78737,2009,10
27.0,78737,2009,11
23.0,78737,2009,12
11.0,78737,2010,1
13.0,78737,2010,2
22.0,78737,2010,3
24.0,78737,2010,4
37.0,78737,2010,5
58.0,78737,2010,6
15.0,78737,2010,7
25.0,78737,2010,8
26.0,78737,2010,9
27.0,78737,2010,10
17.0,78737,2010,11
24.0,78737,2010,12
13.0,78737,2011,1
13.0,78737,2011,2
24.0,78737,2011,3
16.0,78737,2011,4
27.0,78737,2011,5
18.0,78737,2011,6
23.0,78737,2011,7
43.0,78737,2011,8
17.0,78737,2011,9
15.0,78737,2011,10
16.0,78737,2011,11
17.0,78737,2011,12
21.0,78737,2012,1
19.0,78737,2012,2
32.0,78737,2012,3
39.0,78737,2012,4
41.0,78737,2012,5
40.0,78737,2012,6
42.0,78737,2012,7
72.0,78737,2012,8
22.0,78737,2012,9
33.0,78737,2012,10
19.0,78737,2012,11
24.0,78737,2012,12
15.0,78737,2013,1
24.0,78737,2013,2
18.0,78737,2013,3
33.0,78737,2013,4
23.0,78737,2013,5
29.0,78737,2013,6
40.0,78737,2013,7
35.0,78737,2013,8
31.0,78737,2013,9
42.0,78737,2013,10
25.0,78737,2013,11
42.0,78737,2013,12
17.0,78737,2014,1
18.0,78737,2014,2
28.0,78737,2014,3
21.0,78737,2014,4
33.0,78737,2014,5
31.0,78737,2014,6
33.0,78737,2014,7
31.0,78737,2014,8
20.0,78737,2014,9
30.0,78737,2014,10
13.0,78737,2014,11
37.0,78737,2014,12
20.0,78737,2015,1
11.0,78737,2015,2
24.0,78737,2015,3
15.0,78737,2015,4
12.0,78737,2015,5
13.0,78737,2015,6
14.0,78737,2015,7
22.0,78737,2015,8
15.0,78737,2015,9
20.0,78737,2015,10
7.0,78737,2015,11
11.0,78737,2015,12
6.0,78737,2016,1
8.0,78737,2016,2
12.0,78737,2016,3
19.0,78737,2016,4
4.0,78737,2016,5
40.0,78738,2008,6
29.0,78738,2008,7
45.0,78738,2008,8
21.0,78738,2008,9
29.0,78738,2008,10
15.0,78738,2008,11
38.0,78738,2008,12
26.0,78738,2009,1
21.0,78738,2009,2
15.0,78738,2009,3
20.0,78738,2009,4
23.0,78738,2009,5
39.0,78738,2009,6
27.0,78738,2009,7
35.0,78738,2009,8
21.0,78738,2009,9
21.0,78738,2009,10
21.0,78738,2009,11
48.0,78738,2009,12
38.0,78738,2010,1
24.0,78738,2010,2
49.0,78738,2010,3
34.0,78738,2010,4
48.0,78738,2010,5
87.0,78738,2010,6
37.0,78738,2010,7
26.0,78738,2010,8
25.0,78738,2010,9
28.0,78738,2010,10
29.0,78738,2010,11
69.0,78738,2010,12
16.0,78738,2011,1
49.0,78738,2011,2
52.0,78738,2011,3
38.0,78738,2011,4
44.0,78738,2011,5
44.0,78738,2011,6
73.0,78738,2011,7
48.0,78738,2011,8
31.0,78738,2011,9
56.0,78738,2011,10
35.0,78738,2011,11
50.0,78738,2011,12
39.0,78738,2012,1
43.0,78738,2012,2
35.0,78738,2012,3
43.0,78738,2012,4
38.0,78738,2012,5
66.0,78738,2012,6
54.0,78738,2012,7
55.0,78738,2012,8
39.0,78738,2012,9
36.0,78738,2012,10
40.0,78738,2012,11
49.0,78738,2012,12
20.0,78738,2013,1
30.0,78738,2013,2
50.0,78738,2013,3
42.0,78738,2013,4
47.0,78738,2013,5
44.0,78738,2013,6
56.0,78738,2013,7
50.0,78738,2013,8
36.0,78738,2013,9
33.0,78738,2013,10
45.0,78738,2013,11
56.0,78738,2013,12
22.0,78738,2014,1
33.0,78738,2014,2
41.0,78738,2014,3
32.0,78738,2014,4
52.0,78738,2014,5
59.0,78738,2014,6
47.0,78738,2014,7
46.0,78738,2014,8
36.0,78738,2014,9
28.0,78738,2014,10
36.0,78738,2014,11
46.0,78738,2014,12
27.0,78738,2015,1
15.0,78738,2015,2
21.0,78738,2015,3
30.0,78738,2015,4
21.0,78738,2015,5
23.0,78738,2015,6
34.0,78738,2015,7
50.0,78738,2015,8
43.0,78738,2015,9
32.0,78738,2015,10
28.0,78738,2015,11
35.0,78738,2015,12
20.0,78738,2016,1
15.0,78738,2016,2
36.0,78738,2016,3
37.0,78738,2016,4
44.0,78738,2016,5
7.0,78738,2016,6
57.0,78739,2008,6
55.0,78739,2008,7
54.0,78739,2008,8
26.0,78739,2008,9
38.0,78739,2008,10
35.0,78739,2008,11
44.0,78739,2008,12
6.0,78739,2009,1
25.0,78739,2009,2
33.0,78739,2009,3
30.0,78739,2009,4
49.0,78739,2009,5
55.0,78739,2009,6
28.0,78739,2009,7
43.0,78739,2009,8
25.0,78739,2009,9
39.0,78739,2009,10
43.0,78739,2009,11
26.0,78739,2009,12
14.0,78739,2010,1
22.0,78739,2010,2
33.0,78739,2010,3
36.0,78739,2010,4
38.0,78739,2010,5
39.0,78739,2010,6
36.0,78739,2010,7
25.0,78739,2010,8
26.0,78739,2010,9
51.0,78739,2010,10
26.0,78739,2010,11
28.0,78739,2010,12
14.0,78739,2011,1
25.0,78739,2011,2
21.0,78739,2011,3
24.0,78739,2011,4
40.0,78739,2011,5
39.0,78739,2011,6
34.0,78739,2011,7
30.0,78739,2011,8
25.0,78739,2011,9
26.0,78739,2011,10
24.0,78739,2011,11
45.0,78739,2011,12
20.0,78739,2012,1
17.0,78739,2012,2
39.0,78739,2012,3
27.0,78739,2012,4
37.0,78739,2012,5
35.0,78739,2012,6
44.0,78739,2012,7
37.0,78739,2012,8
26.0,78739,2012,9
31.0,78739,2012,10
17.0,78739,2012,11
17.0,78739,2012,12
6.0,78739,2013,1
21.0,78739,2013,2
9.0,78739,2013,3
10.0,78739,2013,4
23.0,78739,2013,5
12.0,78739,2013,6
17.0,78739,2013,7
13.0,78739,2013,8
19.0,78739,2013,9
18.0,78739,2013,10
10.0,78739,2013,11
8.0,78739,2013,12
12.0,78739,2014,1
10.0,78739,2014,2
5.0,78739,2014,3
16.0,78739,2014,4
20.0,78739,2014,5
12.0,78739,2014,6
25.0,78739,2014,7
17.0,78739,2014,8
9.0,78739,2014,9
17.0,78739,2014,10
20.0,78739,2014,11
15.0,78739,2014,12
13.0,78739,2015,1
5.0,78739,2015,2
18.0,78739,2015,3
19.0,78739,2015,4
8.0,78739,2015,5
18.0,78739,2015,6
28.0,78739,2015,7
39.0,78739,2015,8
16.0,78739,2015,9
31.0,78739,2015,10
24.0,78739,2015,11
25.0,78739,2015,12
13.0,78739,2016,1
16.0,78739,2016,2
25.0,78739,2016,3
26.0,78739,2016,4
34.0,78739,2016,5
7.0,78739,2016,6
24.0,78741,2008,6
22.0,78741,2008,7
15.0,78741,2008,8
12.0,78741,2008,9
16.0,78741,2008,10
7.0,78741,2008,11
9.0,78741,2008,12
8.0,78741,2009,1
6.0,78741,2009,2
10.0,78741,2009,3
11.0,78741,2009,4
22.0,78741,2009,5
14.0,78741,2009,6
7.0,78741,2009,7
20.0,78741,2009,8
16.0,78741,2009,9
17.0,78741,2009,10
10.0,78741,2009,11
23.0,78741,2009,12
15.0,78741,2010,1
7.0,78741,2010,2
19.0,78741,2010,3
10.0,78741,2010,4
19.0,78741,2010,5
17.0,78741,2010,6
19.0,78741,2010,7
7.0,78741,2010,8
10.0,78741,2010,9
5.0,78741,2010,10
11.0,78741,2010,11
13.0,78741,2010,12
7.0,78741,2011,1
7.0,78741,2011,2
11.0,78741,2011,3
19.0,78741,2011,4
10.0,78741,2011,5
11.0,78741,2011,6
13.0,78741,2011,7
16.0,78741,2011,8
8.0,78741,2011,9
12.0,78741,2011,10
4.0,78741,2011,11
11.0,78741,2011,12
8.0,78741,2012,1
14.0,78741,2012,2
5.0,78741,2012,3
14.0,78741,2012,4
12.0,78741,2012,5
13.0,78741,2012,6
14.0,78741,2012,7
17.0,78741,2012,8
10.0,78741,2012,9
22.0,78741,2012,10
10.0,78741,2012,11
7.0,78741,2012,12
5.0,78741,2013,1
11.0,78741,2013,2
11.0,78741,2013,3
11.0,78741,2013,4
13.0,78741,2013,5
5.0,78741,2013,6
8.0,78741,2013,7
14.0,78741,2013,8
4.0,78741,2013,9
6.0,78741,2013,10
4.0,78741,2013,11
4.0,78741,2013,12
5.0,78741,2014,1
1.0,78741,2014,2
8.0,78741,2014,3
6.0,78741,2014,4
7.0,78741,2014,5
7.0,78741,2014,6
10.0,78741,2014,7
6.0,78741,2014,8
5.0,78741,2014,9
5.0,78741,2014,10
6.0,78741,2014,11
7.0,78741,2014,12
6.0,78741,2015,1
9.0,78741,2015,2
4.0,78741,2015,3
10.0,78741,2015,4
10.0,78741,2015,5
9.0,78741,2015,6
16.0,78741,2015,7
21.0,78741,2015,8
23.0,78741,2015,9
16.0,78741,2015,10
14.0,78741,2015,11
17.0,78741,2015,12
11.0,78741,2016,1
10.0,78741,2016,2
17.0,78741,2016,3
15.0,78741,2016,4
24.0,78741,2016,5
2.0,78742,2009,6
1.0,78742,2011,5
1.0,78742,2012,1
2.0,78742,2013,4
1.0,78742,2013,5
1.0,78742,2014,7
1.0,78742,2014,11
2.0,78742,2014,12
34.0,78744,2008,6
32.0,78744,2008,7
38.0,78744,2008,8
29.0,78744,2008,9
29.0,78744,2008,10
16.0,78744,2008,11
21.0,78744,2008,12
19.0,78744,2009,1
13.0,78744,2009,2
13.0,78744,2009,3
18.0,78744,2009,4
11.0,78744,2009,5
25.0,78744,2009,6
28.0,78744,2009,7
17.0,78744,2009,8
22.0,78744,2009,9
34.0,78744,2009,10
25.0,78744,2009,11
22.0,78744,2009,12
10.0,78744,2010,1
34.0,78744,2010,2
21.0,78744,2010,3
23.0,78744,2010,4
18.0,78744,2010,5
25.0,78744,2010,6
14.0,78744,2010,7
12.0,78744,2010,8
18.0,78744,2010,9
18.0,78744,2010,10
16.0,78744,2010,11
12.0,78744,2010,12
14.0,78744,2011,1
23.0,78744,2011,2
20.0,78744,2011,3
10.0,78744,2011,4
19.0,78744,2011,5
20.0,78744,2011,6
18.0,78744,2011,7
18.0,78744,2011,8
15.0,78744,2011,9
17.0,78744,2011,10
11.0,78744,2011,11
17.0,78744,2011,12
15.0,78744,2012,1
14.0,78744,2012,2
11.0,78744,2012,3
25.0,78744,2012,4
26.0,78744,2012,5
16.0,78744,2012,6
21.0,78744,2012,7
22.0,78744,2012,8
18.0,78744,2012,9
16.0,78744,2012,10
15.0,78744,2012,11
16.0,78744,2012,12
13.0,78744,2013,1
17.0,78744,2013,2
10.0,78744,2013,3
16.0,78744,2013,4
18.0,78744,2013,5
14.0,78744,2013,6
9.0,78744,2013,7
12.0,78744,2013,8
15.0,78744,2013,9
19.0,78744,2013,10
9.0,78744,2013,11
14.0,78744,2013,12
11.0,78744,2014,1
10.0,78744,2014,2
10.0,78744,2014,3
9.0,78744,2014,4
5.0,78744,2014,5
10.0,78744,2014,6
12.0,78744,2014,7
7.0,78744,2014,8
8.0,78744,2014,9
1.0,78744,2014,10
12.0,78744,2014,11
8.0,78744,2014,12
3.0,78744,2015,1
10.0,78744,2015,2
8.0,78744,2015,3
8.0,78744,2015,4
9.0,78744,2015,5
11.0,78744,2015,6
25.0,78744,2015,7
20.0,78744,2015,8
27.0,78744,2015,9
17.0,78744,2015,10
11.0,78744,2015,11
16.0,78744,2015,12
16.0,78744,2016,1
8.0,78744,2016,2
22.0,78744,2016,3
21.0,78744,2016,4
17.0,78744,2016,5
4.0,78744,2016,6
75.0,78745,2008,6
52.0,78745,2008,7
61.0,78745,2008,8
58.0,78745,2008,9
50.0,78745,2008,10
21.0,78745,2008,11
53.0,78745,2008,12
15.0,78745,2009,1
29.0,78745,2009,2
42.0,78745,2009,3
43.0,78745,2009,4
50.0,78745,2009,5
58.0,78745,2009,6
61.0,78745,2009,7
70.0,78745,2009,8
82.0,78745,2009,9
62.0,78745,2009,10
52.0,78745,2009,11
54.0,78745,2009,12
25.0,78745,2010,1
32.0,78745,2010,2
47.0,78745,2010,3
87.0,78745,2010,4
56.0,78745,2010,5
64.0,78745,2010,6
42.0,78745,2010,7
31.0,78745,2010,8
34.0,78745,2010,9
29.0,78745,2010,10
32.0,78745,2010,11
29.0,78745,2010,12
24.0,78745,2011,1
19.0,78745,2011,2
32.0,78745,2011,3
42.0,78745,2011,4
34.0,78745,2011,5
37.0,78745,2011,6
44.0,78745,2011,7
44.0,78745,2011,8
47.0,78745,2011,9
25.0,78745,2011,10
31.0,78745,2011,11
34.0,78745,2011,12
18.0,78745,2012,1
36.0,78745,2012,2
46.0,78745,2012,3
44.0,78745,2012,4
64.0,78745,2012,5
58.0,78745,2012,6
60.0,78745,2012,7
60.0,78745,2012,8
53.0,78745,2012,9
58.0,78745,2012,10
33.0,78745,2012,11
32.0,78745,2012,12
15.0,78745,2013,1
21.0,78745,2013,2
33.0,78745,2013,3
17.0,78745,2013,4
33.0,78745,2013,5
34.0,78745,2013,6
24.0,78745,2013,7
23.0,78745,2013,8
30.0,78745,2013,9
25.0,78745,2013,10
15.0,78745,2013,11
27.0,78745,2013,12
17.0,78745,2014,1
17.0,78745,2014,2
14.0,78745,2014,3
15.0,78745,2014,4
21.0,78745,2014,5
22.0,78745,2014,6
30.0,78745,2014,7
27.0,78745,2014,8
20.0,78745,2014,9
15.0,78745,2014,10
13.0,78745,2014,11
25.0,78745,2014,12
38.0,78745,2015,1
17.0,78745,2015,2
17.0,78745,2015,3
34.0,78745,2015,4
20.0,78745,2015,5
29.0,78745,2015,6
66.0,78745,2015,7
58.0,78745,2015,8
66.0,78745,2015,9
69.0,78745,2015,10
43.0,78745,2015,11
64.0,78745,2015,12
30.0,78745,2016,1
37.0,78745,2016,2
59.0,78745,2016,3
59.0,78745,2016,4
69.0,78745,2016,5
6.0,78745,2016,6
27.0,78746,2008,6
27.0,78746,2008,7
20.0,78746,2008,8
23.0,78746,2008,9
24.0,78746,2008,10
10.0,78746,2008,11
22.0,78746,2008,12
9.0,78746,2009,1
10.0,78746,2009,2
19.0,78746,2009,3
15.0,78746,2009,4
31.0,78746,2009,5
22.0,78746,2009,6
22.0,78746,2009,7
26.0,78746,2009,8
17.0,78746,2009,9
28.0,78746,2009,10
15.0,78746,2009,11
24.0,78746,2009,12
13.0,78746,2010,1
18.0,78746,2010,2
28.0,78746,2010,3
20.0,78746,2010,4
28.0,78746,2010,5
35.0,78746,2010,6
25.0,78746,2010,7
24.0,78746,2010,8
16.0,78746,2010,9
12.0,78746,2010,10
14.0,78746,2010,11
21.0,78746,2010,12
9.0,78746,2011,1
16.0,78746,2011,2
20.0,78746,2011,3
29.0,78746,2011,4
30.0,78746,2011,5
33.0,78746,2011,6
30.0,78746,2011,7
32.0,78746,2011,8
22.0,78746,2011,9
24.0,78746,2011,10
12.0,78746,2011,11
23.0,78746,2011,12
8.0,78746,2012,1
10.0,78746,2012,2
18.0,78746,2012,3
16.0,78746,2012,4
47.0,78746,2012,5
39.0,78746,2012,6
30.0,78746,2012,7
42.0,78746,2012,8
19.0,78746,2012,9
25.0,78746,2012,10
22.0,78746,2012,11
18.0,78746,2012,12
8.0,78746,2013,1
17.0,78746,2013,2
12.0,78746,2013,3
18.0,78746,2013,4
20.0,78746,2013,5
21.0,78746,2013,6
14.0,78746,2013,7
18.0,78746,2013,8
15.0,78746,2013,9
9.0,78746,2013,10
10.0,78746,2013,11
16.0,78746,2013,12
6.0,78746,2014,1
8.0,78746,2014,2
7.0,78746,2014,3
12.0,78746,2014,4
21.0,78746,2014,5
16.0,78746,2014,6
12.0,78746,2014,7
13.0,78746,2014,8
7.0,78746,2014,9
7.0,78746,2014,10
9.0,78746,2014,11
3.0,78746,2014,12
9.0,78746,2015,1
7.0,78746,2015,2
12.0,78746,2015,3
13.0,78746,2015,4
12.0,78746,2015,5
15.0,78746,2015,6
38.0,78746,2015,7
24.0,78746,2015,8
22.0,78746,2015,9
30.0,78746,2015,10
22.0,78746,2015,11
34.0,78746,2015,12
10.0,78746,2016,1
14.0,78746,2016,2
30.0,78746,2016,3
37.0,78746,2016,4
38.0,78746,2016,5
4.0,78746,2016,6
22.0,78747,2008,6
24.0,78747,2008,7
19.0,78747,2008,8
22.0,78747,2008,9
20.0,78747,2008,10
17.0,78747,2008,11
22.0,78747,2008,12
10.0,78747,2009,1
11.0,78747,2009,2
26.0,78747,2009,3
22.0,78747,2009,4
22.0,78747,2009,5
28.0,78747,2009,6
31.0,78747,2009,7
31.0,78747,2009,8
30.0,78747,2009,9
30.0,78747,2009,10
28.0,78747,2009,11
32.0,78747,2009,12
15.0,78747,2010,1
12.0,78747,2010,2
23.0,78747,2010,3
15.0,78747,2010,4
24.0,78747,2010,5
39.0,78747,2010,6
12.0,78747,2010,7
18.0,78747,2010,8
16.0,78747,2010,9
16.0,78747,2010,10
20.0,78747,2010,11
16.0,78747,2010,12
13.0,78747,2011,1
9.0,78747,2011,2
18.0,78747,2011,3
19.0,78747,2011,4
25.0,78747,2011,5
17.0,78747,2011,6
29.0,78747,2011,7
26.0,78747,2011,8
25.0,78747,2011,9
11.0,78747,2011,10
19.0,78747,2011,11
18.0,78747,2011,12
8.0,78747,2012,1
8.0,78747,2012,2
17.0,78747,2012,3
16.0,78747,2012,4
22.0,78747,2012,5
29.0,78747,2012,6
27.0,78747,2012,7
28.0,78747,2012,8
23.0,78747,2012,9
25.0,78747,2012,10
31.0,78747,2012,11
26.0,78747,2012,12
16.0,78747,2013,1
19.0,78747,2013,2
23.0,78747,2013,3
16.0,78747,2013,4
18.0,78747,2013,5
18.0,78747,2013,6
29.0,78747,2013,7
26.0,78747,2013,8
23.0,78747,2013,9
19.0,78747,2013,10
22.0,78747,2013,11
22.0,78747,2013,12
7.0,78747,2014,1
15.0,78747,2014,2
17.0,78747,2014,3
10.0,78747,2014,4
14.0,78747,2014,5
14.0,78747,2014,6
27.0,78747,2014,7
20.0,78747,2014,8
17.0,78747,2014,9
13.0,78747,2014,10
20.0,78747,2014,11
21.0,78747,2014,12
25.0,78747,2015,1
18.0,78747,2015,2
20.0,78747,2015,3
14.0,78747,2015,4
12.0,78747,2015,5
13.0,78747,2015,6
23.0,78747,2015,7
18.0,78747,2015,8
21.0,78747,2015,9
22.0,78747,2015,10
16.0,78747,2015,11
19.0,78747,2015,12
6.0,78747,2016,1
23.0,78747,2016,2
21.0,78747,2016,3
20.0,78747,2016,4
25.0,78747,2016,5
2.0,78747,2016,6
119.0,78748,2008,6
105.0,78748,2008,7
128.0,78748,2008,8
132.0,78748,2008,9
104.0,78748,2008,10
61.0,78748,2008,11
74.0,78748,2008,12
42.0,78748,2009,1
60.0,78748,2009,2
62.0,78748,2009,3
58.0,78748,2009,4
87.0,78748,2009,5
104.0,78748,2009,6
80.0,78748,2009,7
93.0,78748,2009,8
74.0,78748,2009,9
87.0,78748,2009,10
104.0,78748,2009,11
61.0,78748,2009,12
33.0,78748,2010,1
39.0,78748,2010,2
85.0,78748,2010,3
93.0,78748,2010,4
72.0,78748,2010,5
96.0,78748,2010,6
49.0,78748,2010,7
41.0,78748,2010,8
55.0,78748,2010,9
36.0,78748,2010,10
43.0,78748,2010,11
54.0,78748,2010,12
29.0,78748,2011,1
32.0,78748,2011,2
60.0,78748,2011,3
58.0,78748,2011,4
52.0,78748,2011,5
77.0,78748,2011,6
62.0,78748,2011,7
61.0,78748,2011,8
84.0,78748,2011,9
40.0,78748,2011,10
51.0,78748,2011,11
61.0,78748,2011,12
29.0,78748,2012,1
40.0,78748,2012,2
57.0,78748,2012,3
57.0,78748,2012,4
74.0,78748,2012,5
92.0,78748,2012,6
79.0,78748,2012,7
94.0,78748,2012,8
70.0,78748,2012,9
87.0,78748,2012,10
49.0,78748,2012,11
56.0,78748,2012,12
28.0,78748,2013,1
50.0,78748,2013,2
38.0,78748,2013,3
51.0,78748,2013,4
50.0,78748,2013,5
51.0,78748,2013,6
59.0,78748,2013,7
53.0,78748,2013,8
39.0,78748,2013,9
60.0,78748,2013,10
47.0,78748,2013,11
47.0,78748,2013,12
13.0,78748,2014,1
22.0,78748,2014,2
39.0,78748,2014,3
33.0,78748,2014,4
39.0,78748,2014,5
37.0,78748,2014,6
35.0,78748,2014,7
27.0,78748,2014,8
32.0,78748,2014,9
25.0,78748,2014,10
24.0,78748,2014,11
33.0,78748,2014,12
28.0,78748,2015,1
26.0,78748,2015,2
20.0,78748,2015,3
39.0,78748,2015,4
27.0,78748,2015,5
45.0,78748,2015,6
78.0,78748,2015,7
84.0,78748,2015,8
97.0,78748,2015,9
54.0,78748,2015,10
43.0,78748,2015,11
80.0,78748,2015,12
34.0,78748,2016,1
44.0,78748,2016,2
77.0,78748,2016,3
66.0,78748,2016,4
70.0,78748,2016,5
8.0,78748,2016,6
73.0,78749,2008,6
60.0,78749,2008,7
64.0,78749,2008,8
39.0,78749,2008,9
50.0,78749,2008,10
19.0,78749,2008,11
20.0,78749,2008,12
20.0,78749,2009,1
18.0,78749,2009,2
26.0,78749,2009,3
40.0,78749,2009,4
50.0,78749,2009,5
53.0,78749,2009,6
47.0,78749,2009,7
48.0,78749,2009,8
53.0,78749,2009,9
44.0,78749,2009,10
35.0,78749,2009,11
26.0,78749,2009,12
14.0,78749,2010,1
24.0,78749,2010,2
48.0,78749,2010,3
55.0,78749,2010,4
54.0,78749,2010,5
59.0,78749,2010,6
40.0,78749,2010,7
26.0,78749,2010,8
21.0,78749,2010,9
18.0,78749,2010,10
22.0,78749,2010,11
36.0,78749,2010,12
24.0,78749,2011,1
15.0,78749,2011,2
31.0,78749,2011,3
40.0,78749,2011,4
57.0,78749,2011,5
36.0,78749,2011,6
32.0,78749,2011,7
50.0,78749,2011,8
24.0,78749,2011,9
30.0,78749,2011,10
32.0,78749,2011,11
36.0,78749,2011,12
17.0,78749,2012,1
16.0,78749,2012,2
47.0,78749,2012,3
55.0,78749,2012,4
55.0,78749,2012,5
66.0,78749,2012,6
41.0,78749,2012,7
52.0,78749,2012,8
41.0,78749,2012,9
55.0,78749,2012,10
36.0,78749,2012,11
18.0,78749,2012,12
13.0,78749,2013,1
18.0,78749,2013,2
14.0,78749,2013,3
17.0,78749,2013,4
20.0,78749,2013,5
17.0,78749,2013,6
20.0,78749,2013,7
20.0,78749,2013,8
16.0,78749,2013,9
5.0,78749,2013,10
9.0,78749,2013,11
7.0,78749,2013,12
7.0,78749,2014,1
7.0,78749,2014,2
9.0,78749,2014,3
7.0,78749,2014,4
15.0,78749,2014,5
13.0,78749,2014,6
6.0,78749,2014,7
15.0,78749,2014,8
4.0,78749,2014,9
11.0,78749,2014,10
6.0,78749,2014,11
12.0,78749,2014,12
8.0,78749,2015,1
3.0,78749,2015,2
9.0,78749,2015,3
16.0,78749,2015,4
9.0,78749,2015,5
29.0,78749,2015,6
42.0,78749,2015,7
46.0,78749,2015,8
44.0,78749,2015,9
39.0,78749,2015,10
25.0,78749,2015,11
44.0,78749,2015,12
13.0,78749,2016,1
28.0,78749,2016,2
32.0,78749,2016,3
41.0,78749,2016,4
48.0,78749,2016,5
7.0,78749,2016,6
40.0,78750,2008,6
31.0,78750,2008,7
32.0,78750,2008,8
23.0,78750,2008,9
21.0,78750,2008,10
23.0,78750,2008,11
17.0,78750,2008,12
12.0,78750,2009,1
15.0,78750,2009,2
20.0,78750,2009,3
23.0,78750,2009,4
31.0,78750,2009,5
38.0,78750,2009,6
45.0,78750,2009,7
30.0,78750,2009,8
34.0,78750,2009,9
33.0,78750,2009,10
32.0,78750,2009,11
20.0,78750,2009,12
22.0,78750,2010,1
27.0,78750,2010,2
45.0,78750,2010,3
40.0,78750,2010,4
37.0,78750,2010,5
46.0,78750,2010,6
29.0,78750,2010,7
24.0,78750,2010,8
24.0,78750,2010,9
32.0,78750,2010,10
16.0,78750,2010,11
21.0,78750,2010,12
15.0,78750,2011,1
10.0,78750,2011,2
24.0,78750,2011,3
26.0,78750,2011,4
31.0,78750,2011,5
29.0,78750,2011,6
29.0,78750,2011,7
57.0,78750,2011,8
22.0,78750,2011,9
30.0,78750,2011,10
18.0,78750,2011,11
28.0,78750,2011,12
15.0,78750,2012,1
18.0,78750,2012,2
26.0,78750,2012,3
30.0,78750,2012,4
54.0,78750,2012,5
49.0,78750,2012,6
41.0,78750,2012,7
28.0,78750,2012,8
23.0,78750,2012,9
34.0,78750,2012,10
28.0,78750,2012,11
21.0,78750,2012,12
29.0,78750,2013,1
14.0,78750,2013,2
16.0,78750,2013,3
19.0,78750,2013,4
30.0,78750,2013,5
28.0,78750,2013,6
24.0,78750,2013,7
25.0,78750,2013,8
17.0,78750,2013,9
14.0,78750,2013,10
17.0,78750,2013,11
20.0,78750,2013,12
17.0,78750,2014,1
15.0,78750,2014,2
19.0,78750,2014,3
16.0,78750,2014,4
30.0,78750,2014,5
22.0,78750,2014,6
17.0,78750,2014,7
20.0,78750,2014,8
16.0,78750,2014,9
23.0,78750,2014,10
13.0,78750,2014,11
19.0,78750,2014,12
15.0,78750,2015,1
22.0,78750,2015,2
17.0,78750,2015,3
28.0,78750,2015,4
25.0,78750,2015,5
27.0,78750,2015,6
40.0,78750,2015,7
37.0,78750,2015,8
26.0,78750,2015,9
32.0,78750,2015,10
26.0,78750,2015,11
23.0,78750,2015,12
20.0,78750,2016,1
15.0,78750,2016,2
26.0,78750,2016,3
25.0,78750,2016,4
37.0,78750,2016,5
13.0,78750,2016,6
19.0,78751,2008,6
19.0,78751,2008,7
18.0,78751,2008,8
10.0,78751,2008,9
8.0,78751,2008,10
5.0,78751,2008,11
10.0,78751,2008,12
12.0,78751,2009,1
7.0,78751,2009,2
7.0,78751,2009,3
9.0,78751,2009,4
12.0,78751,2009,5
14.0,78751,2009,6
14.0,78751,2009,7
7.0,78751,2009,8
15.0,78751,2009,9
9.0,78751,2009,10
17.0,78751,2009,11
11.0,78751,2009,12
4.0,78751,2010,1
8.0,78751,2010,2
11.0,78751,2010,3
7.0,78751,2010,4
13.0,78751,2010,5
12.0,78751,2010,6
8.0,78751,2010,7
13.0,78751,2010,8
9.0,78751,2010,9
2.0,78751,2010,10
3.0,78751,2010,11
14.0,78751,2010,12
6.0,78751,2011,1
7.0,78751,2011,2
11.0,78751,2011,3
7.0,78751,2011,4
9.0,78751,2011,5
17.0,78751,2011,6
14.0,78751,2011,7
12.0,78751,2011,8
11.0,78751,2011,9
9.0,78751,2011,10
6.0,78751,2011,11
17.0,78751,2011,12
4.0,78751,2012,1
6.0,78751,2012,2
6.0,78751,2012,3
11.0,78751,2012,4
23.0,78751,2012,5
22.0,78751,2012,6
15.0,78751,2012,7
20.0,78751,2012,8
10.0,78751,2012,9
13.0,78751,2012,10
8.0,78751,2012,11
7.0,78751,2012,12
3.0,78751,2013,1
7.0,78751,2013,2
6.0,78751,2013,3
9.0,78751,2013,4
10.0,78751,2013,5
6.0,78751,2013,6
6.0,78751,2013,7
8.0,78751,2013,8
2.0,78751,2013,9
3.0,78751,2013,10
6.0,78751,2013,11
3.0,78751,2013,12
1.0,78751,2014,1
5.0,78751,2014,2
5.0,78751,2014,3
9.0,78751,2014,4
8.0,78751,2014,5
5.0,78751,2014,6
5.0,78751,2014,7
7.0,78751,2014,8
4.0,78751,2014,9
4.0,78751,2014,10
4.0,78751,2014,11
4.0,78751,2014,12
4.0,78751,2015,1
6.0,78751,2015,2
2.0,78751,2015,3
7.0,78751,2015,4
8.0,78751,2015,5
6.0,78751,2015,6
8.0,78751,2015,7
10.0,78751,2015,8
17.0,78751,2015,9
8.0,78751,2015,10
9.0,78751,2015,11
12.0,78751,2015,12
5.0,78751,2016,1
10.0,78751,2016,2
10.0,78751,2016,3
15.0,78751,2016,4
18.0,78751,2016,5
1.0,78751,2016,6
3.0,78752,2008,6
6.0,78752,2008,7
6.0,78752,2008,8
5.0,78752,2008,9
6.0,78752,2008,10
1.0,78752,2008,11
3.0,78752,2008,12
3.0,78752,2009,1
6.0,78752,2009,2
2.0,78752,2009,3
6.0,78752,2009,4
8.0,78752,2009,5
7.0,78752,2009,6
3.0,78752,2009,7
6.0,78752,2009,8
9.0,78752,2009,9
4.0,78752,2009,10
6.0,78752,2009,11
9.0,78752,2009,12
5.0,78752,2010,1
8.0,78752,2010,2
4.0,78752,2010,3
12.0,78752,2010,4
9.0,78752,2010,5
9.0,78752,2010,6
1.0,78752,2010,7
2.0,78752,2010,8
8.0,78752,2010,9
3.0,78752,2010,10
4.0,78752,2010,11
2.0,78752,2010,12
3.0,78752,2011,1
2.0,78752,2011,2
4.0,78752,2011,3
8.0,78752,2011,4
9.0,78752,2011,5
9.0,78752,2011,6
9.0,78752,2011,7
2.0,78752,2011,8
4.0,78752,2011,9
1.0,78752,2011,10
3.0,78752,2011,11
3.0,78752,2011,12
4.0,78752,2012,1
2.0,78752,2012,2
13.0,78752,2012,3
4.0,78752,2012,4
10.0,78752,2012,5
5.0,78752,2012,6
8.0,78752,2012,7
8.0,78752,2012,8
5.0,78752,2012,9
5.0,78752,2012,10
7.0,78752,2012,11
6.0,78752,2012,12
2.0,78752,2013,1
3.0,78752,2013,2
3.0,78752,2013,3
3.0,78752,2013,4
8.0,78752,2013,5
4.0,78752,2013,6
5.0,78752,2013,7
3.0,78752,2013,8
4.0,78752,2013,9
5.0,78752,2013,10
1.0,78752,2013,11
6.0,78752,2013,12
2.0,78752,2014,1
3.0,78752,2014,3
3.0,78752,2014,4
1.0,78752,2014,5
3.0,78752,2014,6
6.0,78752,2014,7
8.0,78752,2014,8
4.0,78752,2014,9
4.0,78752,2014,10
1.0,78752,2014,11
3.0,78752,2014,12
1.0,78752,2015,1
2.0,78752,2015,2
4.0,78752,2015,3
6.0,78752,2015,4
5.0,78752,2015,5
5.0,78752,2015,6
8.0,78752,2015,7
7.0,78752,2015,8
8.0,78752,2015,9
8.0,78752,2015,10
6.0,78752,2015,11
6.0,78752,2015,12
8.0,78752,2016,1
8.0,78752,2016,2
7.0,78752,2016,3
4.0,78752,2016,4
10.0,78752,2016,5
33.0,78753,2008,6
36.0,78753,2008,7
30.0,78753,2008,8
27.0,78753,2008,9
23.0,78753,2008,10
19.0,78753,2008,11
19.0,78753,2008,12
4.0,78753,2009,1
9.0,78753,2009,2
23.0,78753,2009,3
24.0,78753,2009,4
20.0,78753,2009,5
20.0,78753,2009,6
28.0,78753,2009,7
29.0,78753,2009,8
18.0,78753,2009,9
21.0,78753,2009,10
20.0,78753,2009,11
14.0,78753,2009,12
8.0,78753,2010,1
10.0,78753,2010,2
31.0,78753,2010,3
23.0,78753,2010,4
28.0,78753,2010,5
28.0,78753,2010,6
16.0,78753,2010,7
14.0,78753,2010,8
10.0,78753,2010,9
11.0,78753,2010,10
16.0,78753,2010,11
14.0,78753,2010,12
9.0,78753,2011,1
12.0,78753,2011,2
16.0,78753,2011,3
9.0,78753,2011,4
17.0,78753,2011,5
18.0,78753,2011,6
18.0,78753,2011,7
22.0,78753,2011,8
14.0,78753,2011,9
16.0,78753,2011,10
12.0,78753,2011,11
13.0,78753,2011,12
20.0,78753,2012,1
12.0,78753,2012,2
8.0,78753,2012,3
15.0,78753,2012,4
29.0,78753,2012,5
20.0,78753,2012,6
27.0,78753,2012,7
26.0,78753,2012,8
26.0,78753,2012,9
22.0,78753,2012,10
17.0,78753,2012,11
12.0,78753,2012,12
17.0,78753,2013,1
14.0,78753,2013,2
15.0,78753,2013,3
18.0,78753,2013,4
10.0,78753,2013,5
5.0,78753,2013,6
12.0,78753,2013,7
15.0,78753,2013,8
10.0,78753,2013,9
11.0,78753,2013,10
8.0,78753,2013,11
12.0,78753,2013,12
4.0,78753,2014,1
6.0,78753,2014,2
11.0,78753,2014,3
5.0,78753,2014,4
8.0,78753,2014,5
15.0,78753,2014,6
14.0,78753,2014,7
11.0,78753,2014,8
8.0,78753,2014,9
6.0,78753,2014,10
9.0,78753,2014,11
17.0,78753,2014,12
9.0,78753,2015,1
8.0,78753,2015,2
10.0,78753,2015,3
18.0,78753,2015,4
9.0,78753,2015,5
11.0,78753,2015,6
40.0,78753,2015,7
24.0,78753,2015,8
25.0,78753,2015,9
24.0,78753,2015,10
17.0,78753,2015,11
23.0,78753,2015,12
13.0,78753,2016,1
31.0,78753,2016,2
20.0,78753,2016,3
21.0,78753,2016,4
20.0,78753,2016,5
7.0,78753,2016,6
33.0,78754,2008,6
30.0,78754,2008,7
39.0,78754,2008,8
31.0,78754,2008,9
28.0,78754,2008,10
8.0,78754,2008,11
30.0,78754,2008,12
6.0,78754,2009,1
22.0,78754,2009,2
22.0,78754,2009,3
15.0,78754,2009,4
17.0,78754,2009,5
22.0,78754,2009,6
34.0,78754,2009,7
20.0,78754,2009,8
19.0,78754,2009,9
23.0,78754,2009,10
22.0,78754,2009,11
22.0,78754,2009,12
24.0,78754,2010,1
16.0,78754,2010,2
28.0,78754,2010,3
37.0,78754,2010,4
30.0,78754,2010,5
18.0,78754,2010,6
20.0,78754,2010,7
111.0,78754,2010,8
10.0,78754,2010,9
68.0,78754,2010,10
11.0,78754,2010,11
14.0,78754,2010,12
7.0,78754,2011,1
16.0,78754,2011,2
16.0,78754,2011,3
16.0,78754,2011,4
18.0,78754,2011,5
22.0,78754,2011,6
19.0,78754,2011,7
17.0,78754,2011,8
36.0,78754,2011,9
14.0,78754,2011,10
22.0,78754,2011,11
24.0,78754,2011,12
22.0,78754,2012,1
7.0,78754,2012,2
22.0,78754,2012,3
18.0,78754,2012,4
23.0,78754,2012,5
26.0,78754,2012,6
19.0,78754,2012,7
29.0,78754,2012,8
21.0,78754,2012,9
19.0,78754,2012,10
21.0,78754,2012,11
21.0,78754,2012,12
12.0,78754,2013,1
20.0,78754,2013,2
18.0,78754,2013,3
16.0,78754,2013,4
29.0,78754,2013,5
16.0,78754,2013,6
23.0,78754,2013,7
16.0,78754,2013,8
17.0,78754,2013,9
21.0,78754,2013,10
19.0,78754,2013,11
24.0,78754,2013,12
10.0,78754,2014,1
23.0,78754,2014,2
25.0,78754,2014,3
19.0,78754,2014,4
22.0,78754,2014,5
29.0,78754,2014,6
29.0,78754,2014,7
23.0,78754,2014,8
24.0,78754,2014,9
24.0,78754,2014,10
23.0,78754,2014,11
29.0,78754,2014,12
17.0,78754,2015,1
25.0,78754,2015,2
15.0,78754,2015,3
22.0,78754,2015,4
7.0,78754,2015,5
12.0,78754,2015,6
21.0,78754,2015,7
14.0,78754,2015,8
25.0,78754,2015,9
15.0,78754,2015,10
16.0,78754,2015,11
25.0,78754,2015,12
9.0,78754,2016,1
16.0,78754,2016,2
19.0,78754,2016,3
21.0,78754,2016,4
27.0,78754,2016,5
2.0,78754,2016,6
15.0,78756,2008,6
16.0,78756,2008,7
12.0,78756,2008,8
10.0,78756,2008,9
8.0,78756,2008,10
5.0,78756,2008,11
11.0,78756,2008,12
12.0,78756,2009,1
4.0,78756,2009,2
9.0,78756,2009,3
7.0,78756,2009,4
10.0,78756,2009,5
9.0,78756,2009,6
16.0,78756,2009,7
3.0,78756,2009,8
15.0,78756,2009,9
4.0,78756,2009,10
5.0,78756,2009,11
8.0,78756,2009,12
1.0,78756,2010,1
6.0,78756,2010,2
7.0,78756,2010,3
10.0,78756,2010,4
8.0,78756,2010,5
13.0,78756,2010,6
4.0,78756,2010,7
9.0,78756,2010,8
6.0,78756,2010,9
4.0,78756,2010,10
8.0,78756,2010,11
6.0,78756,2010,12
5.0,78756,2011,1
4.0,78756,2011,2
9.0,78756,2011,3
9.0,78756,2011,4
9.0,78756,2011,5
10.0,78756,2011,6
7.0,78756,2011,7
8.0,78756,2011,8
7.0,78756,2011,9
6.0,78756,2011,10
7.0,78756,2011,11
12.0,78756,2011,12
7.0,78756,2012,1
6.0,78756,2012,2
14.0,78756,2012,3
13.0,78756,2012,4
10.0,78756,2012,5
12.0,78756,2012,6
17.0,78756,2012,7
11.0,78756,2012,8
8.0,78756,2012,9
4.0,78756,2012,10
4.0,78756,2012,11
3.0,78756,2012,12
7.0,78756,2013,1
5.0,78756,2013,2
2.0,78756,2013,3
8.0,78756,2013,4
4.0,78756,2013,5
4.0,78756,2013,6
4.0,78756,2013,7
5.0,78756,2013,8
7.0,78756,2013,9
8.0,78756,2013,10
2.0,78756,2013,11
3.0,78756,2013,12
2.0,78756,2014,1
2.0,78756,2014,2
3.0,78756,2014,3
2.0,78756,2014,4
5.0,78756,2014,5
1.0,78756,2014,6
5.0,78756,2014,7
3.0,78756,2014,8
2.0,78756,2014,9
6.0,78756,2014,10
2.0,78756,2014,11
1.0,78756,2014,12
2.0,78756,2015,1
4.0,78756,2015,2
2.0,78756,2015,3
5.0,78756,2015,4
3.0,78756,2015,5
7.0,78756,2015,6
15.0,78756,2015,7
9.0,78756,2015,8
14.0,78756,2015,9
13.0,78756,2015,10
1.0,78756,2015,11
9.0,78756,2015,12
9.0,78756,2016,1
6.0,78756,2016,2
7.0,78756,2016,3
8.0,78756,2016,4
19.0,78756,2016,5
1.0,78756,2016,6
40.0,78757,2008,6
32.0,78757,2008,7
34.0,78757,2008,8
25.0,78757,2008,9
23.0,78757,2008,10
10.0,78757,2008,11
16.0,78757,2008,12
6.0,78757,2009,1
13.0,78757,2009,2
26.0,78757,2009,3
16.0,78757,2009,4
35.0,78757,2009,5
21.0,78757,2009,6
34.0,78757,2009,7
32.0,78757,2009,8
29.0,78757,2009,9
23.0,78757,2009,10
43.0,78757,2009,11
16.0,78757,2009,12
13.0,78757,2010,1
10.0,78757,2010,2
20.0,78757,2010,3
34.0,78757,2010,4
24.0,78757,2010,5
21.0,78757,2010,6
17.0,78757,2010,7
24.0,78757,2010,8
15.0,78757,2010,9
18.0,78757,2010,10
17.0,78757,2010,11
16.0,78757,2010,12
18.0,78757,2011,1
10.0,78757,2011,2
30.0,78757,2011,3
29.0,78757,2011,4
23.0,78757,2011,5
32.0,78757,2011,6
19.0,78757,2011,7
26.0,78757,2011,8
25.0,78757,2011,9
13.0,78757,2011,10
17.0,78757,2011,11
24.0,78757,2011,12
10.0,78757,2012,1
18.0,78757,2012,2
27.0,78757,2012,3
36.0,78757,2012,4
38.0,78757,2012,5
38.0,78757,2012,6
49.0,78757,2012,7
43.0,78757,2012,8
23.0,78757,2012,9
30.0,78757,2012,10
23.0,78757,2012,11
19.0,78757,2012,12
8.0,78757,2013,1
11.0,78757,2013,2
17.0,78757,2013,3
16.0,78757,2013,4
21.0,78757,2013,5
16.0,78757,2013,6
9.0,78757,2013,7
17.0,78757,2013,8
8.0,78757,2013,9
9.0,78757,2013,10
15.0,78757,2013,11
13.0,78757,2013,12
12.0,78757,2014,1
12.0,78757,2014,2
19.0,78757,2014,3
14.0,78757,2014,4
28.0,78757,2014,5
27.0,78757,2014,6
10.0,78757,2014,7
21.0,78757,2014,8
9.0,78757,2014,9
9.0,78757,2014,10
9.0,78757,2014,11
15.0,78757,2014,12
6.0,78757,2015,1
16.0,78757,2015,2
17.0,78757,2015,3
11.0,78757,2015,4
10.0,78757,2015,5
18.0,78757,2015,6
48.0,78757,2015,7
25.0,78757,2015,8
44.0,78757,2015,9
28.0,78757,2015,10
17.0,78757,2015,11
27.0,78757,2015,12
16.0,78757,2016,1
19.0,78757,2016,2
30.0,78757,2016,3
24.0,78757,2016,4
37.0,78757,2016,5
2.0,78757,2016,6
24.0,78758,2008,6
30.0,78758,2008,7
40.0,78758,2008,8
26.0,78758,2008,9
26.0,78758,2008,10
14.0,78758,2008,11
36.0,78758,2008,12
21.0,78758,2009,1
19.0,78758,2009,2
23.0,78758,2009,3
35.0,78758,2009,4
30.0,78758,2009,5
28.0,78758,2009,6
39.0,78758,2009,7
28.0,78758,2009,8
36.0,78758,2009,9
27.0,78758,2009,10
32.0,78758,2009,11
23.0,78758,2009,12
12.0,78758,2010,1
8.0,78758,2010,2
26.0,78758,2010,3
36.0,78758,2010,4
30.0,78758,2010,5
38.0,78758,2010,6
28.0,78758,2010,7
20.0,78758,2010,8
12.0,78758,2010,9
17.0,78758,2010,10
13.0,78758,2010,11
14.0,78758,2010,12
13.0,78758,2011,1
14.0,78758,2011,2
20.0,78758,2011,3
15.0,78758,2011,4
14.0,78758,2011,5
19.0,78758,2011,6
17.0,78758,2011,7
18.0,78758,2011,8
26.0,78758,2011,9
43.0,78758,2011,10
64.0,78758,2011,11
19.0,78758,2011,12
10.0,78758,2012,1
24.0,78758,2012,2
19.0,78758,2012,3
25.0,78758,2012,4
25.0,78758,2012,5
25.0,78758,2012,6
32.0,78758,2012,7
26.0,78758,2012,8
20.0,78758,2012,9
24.0,78758,2012,10
21.0,78758,2012,11
14.0,78758,2012,12
11.0,78758,2013,1
9.0,78758,2013,2
10.0,78758,2013,3
16.0,78758,2013,4
16.0,78758,2013,5
7.0,78758,2013,6
13.0,78758,2013,7
15.0,78758,2013,8
11.0,78758,2013,9
10.0,78758,2013,10
4.0,78758,2013,11
5.0,78758,2013,12
3.0,78758,2014,1
5.0,78758,2014,2
7.0,78758,2014,3
10.0,78758,2014,4
13.0,78758,2014,5
21.0,78758,2014,6
8.0,78758,2014,7
8.0,78758,2014,8
11.0,78758,2014,9
5.0,78758,2014,10
7.0,78758,2014,11
6.0,78758,2014,12
3.0,78758,2015,1
2.0,78758,2015,2
6.0,78758,2015,3
9.0,78758,2015,4
6.0,78758,2015,5
11.0,78758,2015,6
25.0,78758,2015,7
21.0,78758,2015,8
31.0,78758,2015,9
25.0,78758,2015,10
20.0,78758,2015,11
32.0,78758,2015,12
16.0,78758,2016,1
7.0,78758,2016,2
33.0,78758,2016,3
27.0,78758,2016,4
34.0,78758,2016,5
4.0,78758,2016,6
52.0,78759,2008,6
48.0,78759,2008,7
36.0,78759,2008,8
23.0,78759,2008,9
31.0,78759,2008,10
20.0,78759,2008,11
24.0,78759,2008,12
10.0,78759,2009,1
22.0,78759,2009,2
30.0,78759,2009,3
28.0,78759,2009,4
34.0,78759,2009,5
37.0,78759,2009,6
31.0,78759,2009,7
33.0,78759,2009,8
24.0,78759,2009,9
37.0,78759,2009,10
26.0,78759,2009,11
27.0,78759,2009,12
8.0,78759,2010,1
18.0,78759,2010,2
32.0,78759,2010,3
30.0,78759,2010,4
35.0,78759,2010,5
39.0,78759,2010,6
29.0,78759,2010,7
22.0,78759,2010,8
20.0,78759,2010,9
22.0,78759,2010,10
30.0,78759,2010,11
20.0,78759,2010,12
14.0,78759,2011,1
17.0,78759,2011,2
29.0,78759,2011,3
25.0,78759,2011,4
39.0,78759,2011,5
51.0,78759,2011,6
46.0,78759,2011,7
39.0,78759,2011,8
21.0,78759,2011,9
33.0,78759,2011,10
15.0,78759,2011,11
32.0,78759,2011,12
25.0,78759,2012,1
23.0,78759,2012,2
24.0,78759,2012,3
32.0,78759,2012,4
50.0,78759,2012,5
59.0,78759,2012,6
49.0,78759,2012,7
44.0,78759,2012,8
26.0,78759,2012,9
30.0,78759,2012,10
25.0,78759,2012,11
17.0,78759,2012,12
9.0,78759,2013,1
10.0,78759,2013,2
20.0,78759,2013,3
14.0,78759,2013,4
24.0,78759,2013,5
17.0,78759,2013,6
22.0,78759,2013,7
21.0,78759,2013,8
7.0,78759,2013,9
7.0,78759,2013,10
5.0,78759,2013,11
10.0,78759,2013,12
4.0,78759,2014,1
7.0,78759,2014,2
7.0,78759,2014,3
9.0,78759,2014,4
15.0,78759,2014,5
12.0,78759,2014,6
14.0,78759,2014,7
12.0,78759,2014,8
9.0,78759,2014,9
7.0,78759,2014,10
5.0,78759,2014,11
6.0,78759,2014,12
3.0,78759,2015,1
11.0,78759,2015,2
9.0,78759,2015,3
18.0,78759,2015,4
13.0,78759,2015,5
18.0,78759,2015,6
51.0,78759,2015,7
39.0,78759,2015,8
25.0,78759,2015,9
26.0,78759,2015,10
20.0,78759,2015,11
36.0,78759,2015,12
23.0,78759,2016,1
17.0,78759,2016,2
39.0,78759,2016,3
42.0,78759,2016,4
38.0,78759,2016,5
2.0,78759,2016,6
